RowKey,LoggedDates...
:de:Kontrolle:2025-11-19,2025-11-19
:com:Kontrolle:2025-03-31,2025-03-31
:fr:Kontrolle:2025-03-31,2025-03-31
:com:Kontrolle:2025-03-18,2025-03-18
:it:Kontrolle:2025-03-31,2025-03-31
:jp:Kontrolle:2025-03-31,2025-03-31
:nl:Kontrolle:2025-03-31,2025-03-31
:com.mx:Kontrolle:2025-03-10,2025-03-10
:au:Kontrolle:2025-03-31,2025-03-31
:be:Kontrolle:2025-03-31,2025-03-31
:sg:Kontrolle:2025-03-31,2025-03-31
:se:Kontrolle:2025-03-31,2025-03-31
:tr:Kontrolle:2025-03-31,2025-03-31
:pl:Kontrolle:2025-03-31,2025-03-31
:ca:Kontrolle:2025-03-31,2025-03-31
:co.uk:Kontrolle:2025-03-31,2025-03-31
:de:Kontrolle:2025-03-31,2025-03-31
:es:Kontrolle:2025-03-31,2025-03-31
:com.mx:Kontrolle:2025-03-31,2025-03-31
:sg:Kontrolle:2025-03-11,2025-03-11
:com:Kontrolle:2025-04-01,2025-04-01
:sg:Kontrolle:2025-04-01,2025-04-01
:sg:Kontrolle:2025-03-21,2025-03-21
:be:Kontrolle:2025-04-01,2025-04-01
:be:Kontrolle:2025-03-28,2025-03-28
:es:Kontrolle:2025-03-24,2025-03-24
:it:Kontrolle:2025-04-01,2025-04-01
:nl:Kontrolle:2025-04-01,2025-04-01
:se:Kontrolle:2025-04-01,2025-04-01
:be:Kontrolle:2025-03-20,2025-03-20
:tr:Kontrolle:2025-04-01,2025-04-01
:be:Kontrolle:2025-03-17,2025-03-17
:com.mx:Kontrolle:2025-03-18,2025-03-18
:be:Kontrolle:2025-03-21,2025-03-21
:de:Kontrolle:2025-03-17,2025-03-17
:de:Kontrolle:2025-03-21,2025-03-21
:pl:Kontrolle:2025-04-01,2025-04-01
:be:Kontrolle:2025-03-27,2025-03-27
:ca:Kontrolle:2025-03-28,2025-03-28
:com.mx:Kontrolle:2025-03-19,2025-03-19
:com:Kontrolle:2025-03-28,2025-03-28
:de:Kontrolle:2025-03-18,2025-03-18
:fr:Kontrolle:2025-04-01,2025-04-01
:com:Kontrolle:2025-03-27,2025-03-27
:jp:Kontrolle:2025-03-04,2025-03-04
:jp:Kontrolle:2025-03-17,2025-03-17
:jp:Kontrolle:2024-12-17,2024-12-17
:jp:Kontrolle:2025-02-04,2025-02-04
:es:Kontrolle:2025-03-25,2025-03-25
:ca:Kontrolle:2025-03-18,2025-03-18
:ca:Kontrolle:2025-04-01,2025-04-01
:es:Kontrolle:2025-03-20,2025-03-20
:de:Kontrolle:2025-04-01,2025-04-01
:ca:Kontrolle:2025-03-27,2025-03-27
:es:Kontrolle:2025-03-21,2025-03-21
:co.uk:Kontrolle:2025-03-20,2025-03-20
:co.uk:Kontrolle:2025-03-17,2025-03-17
:es:Kontrolle:2025-03-17,2025-03-17
:co.uk:Kontrolle:2025-03-21,2025-03-21
:co.uk:Kontrolle:2025-02-19,2025-02-19
:co.uk:Kontrolle:2025-03-18,2025-03-18
:fr:Kontrolle:2025-03-20,2025-03-20
:fr:Kontrolle:2025-03-17,2025-03-17
:fr:Kontrolle:2025-03-21,2025-03-21
:sg:Kontrolle:2025-04-02,2025-04-02
:com.mx:Kontrolle:2025-04-02,2025-04-02
:au:Kontrolle:2025-03-27,2025-03-27
:it:Kontrolle:2025-03-17,2025-03-17
:it:Kontrolle:2025-03-20,2025-03-20
:es:Kontrolle:2025-03-27,2025-03-27
:be:Kontrolle:2025-04-02,2025-04-02
:co.uk:Kontrolle:2025-04-02,2025-04-02
:com:Kontrolle:2025-03-20,2025-03-20
:de:Kontrolle:2025-04-02,2025-04-02
:es:Kontrolle:2025-03-18,2025-03-18
:fr:Kontrolle:2025-04-02,2025-04-02
:it:Kontrolle:2025-04-02,2025-04-02
:tr:Kontrolle:2025-04-02,2025-04-02
:au:Kontrolle:2025-04-02,2025-04-02
:com.mx:Kontrolle:2025-03-28,2025-03-28
:com.mx:Kontrolle:2025-03-17,2025-03-17
:com.mx:Kontrolle:2025-03-20,2025-03-20
:com.mx:Kontrolle:2025-03-21,2025-03-21
:it:Kontrolle:2025-03-21,2025-03-21
:ca:Kontrolle:2025-03-20,2025-03-20
:es:Kontrolle:2025-04-02,2025-04-02
:sg:Kontrolle:2025-03-20,2025-03-20
:com.mx:Kontrolle:2025-03-27,2025-03-27
:ca:Kontrolle:2025-04-02,2025-04-02
:de:Kontrolle:2025-03-20,2025-03-20
:ca:Kontrolle:2025-03-21,2025-03-21
:com:Kontrolle:2025-03-21,2025-03-21
:tr:Kontrolle:2025-03-21,2025-03-21
:com:Kontrolle:2025-04-02,2025-04-02
:au:Kontrolle:2025-03-21,2025-03-21
:ca:Kontrolle:2025-03-17,2025-03-17
:com:Kontrolle:2025-03-17,2025-03-17
:it:Kontrolle:2025-03-18,2025-03-18
:sg:Kontrolle:2025-03-27,2025-03-27
:nl:Kontrolle:2025-03-20,2025-03-20
:au:Kontrolle:2025-03-06,2025-03-06
:co.uk:Kontrolle:2025-03-06,2025-03-06
:nl:Kontrolle:2025-03-18,2025-03-18
:com:Kontrolle:2025-03-24,2025-03-24
:es:Kontrolle:2025-03-07,2025-03-07
:fr:Kontrolle:2025-03-11,2025-03-11
:jp:Kontrolle:2025-01-14,2025-01-14
:jp:Kontrolle:2024-12-02,2024-12-02
:com.mx:Kontrolle:2025-03-24,2025-03-24
:nl:Kontrolle:2025-03-21,2025-03-21
:nl:Kontrolle:2025-03-27,2025-03-27
:fr:Kontrolle:2025-03-27,2025-03-27
:fr:Kontrolle:2025-03-18,2025-03-18
:com:Kontrolle:2025-04-03,2025-04-03
:com.mx:Kontrolle:2025-04-03,2025-04-03
:pl:Kontrolle:2025-03-20,2025-03-20
:pl:Kontrolle:2025-03-21,2025-03-21
:nl:Kontrolle:2025-03-04,2025-03-04
:nl:Kontrolle:2025-03-25,2025-03-25
:nl:Kontrolle:2025-03-10,2025-03-10
:nl:Kontrolle:2025-03-11,2025-03-11
:be:Kontrolle:2025-03-24,2025-03-24
:se:Kontrolle:2025-03-21,2025-03-21
:se:Kontrolle:2025-03-20,2025-03-20
:com.mx:Kontrolle:2025-04-04,2025-04-04
:com:Kontrolle:2025-04-04,2025-04-04
:ca:Kontrolle:2025-04-04,2025-04-04
:fr:Kontrolle:2025-02-17,2025-02-17
:sg:Kontrolle:2025-04-04,2025-04-04
:tr:Kontrolle:2025-03-27,2025-03-27
:se:Kontrolle:2025-03-27,2025-03-27
:pl:Kontrolle:2025-03-27,2025-03-27
:pl:Kontrolle:2025-03-04,2025-03-04
:pl:Kontrolle:2025-03-25,2025-03-25
:pl:Kontrolle:2025-03-10,2025-03-10
:pl:Kontrolle:2025-03-18,2025-03-18
:se:Kontrolle:2025-03-04,2025-03-04
:se:Kontrolle:2025-03-10,2025-03-10
:se:Kontrolle:2025-03-25,2025-03-25
:com.mx:Kontrolle:2025-04-07,2025-04-07
:nl:Kontrolle:2025-04-07,2025-04-07
:pl:Kontrolle:2025-04-07,2025-04-07
:au:Kontrolle:2025-04-07,2025-04-07
:be:Kontrolle:2025-04-07,2025-04-07
:ca:Kontrolle:2025-04-07,2025-04-07
:com:Kontrolle:2025-04-07,2025-04-07
:it:Kontrolle:2025-04-07,2025-04-07
:co.uk:Kontrolle:2025-04-07,2025-04-07
:de:Kontrolle:2025-04-07,2025-04-07
:es:Kontrolle:2025-04-07,2025-04-07
:fr:Kontrolle:2025-04-07,2025-04-07
:jp:Kontrolle:2025-04-07,2025-04-07
:sg:Kontrolle:2025-04-07,2025-04-07
:se:Kontrolle:2025-04-07,2025-04-07
:tr:Kontrolle:2025-04-07,2025-04-07
:jp:Kontrolle:2025-03-21,2025-03-21
:jp:Kontrolle:2025-03-27,2025-03-27
:jp:Kontrolle:2025-04-08,2025-04-08
:co.uk:Kontrolle:2025-04-08,2025-04-08
:com:Kontrolle:2025-04-08,2025-04-08
:es:Kontrolle:2025-04-08,2025-04-08
:com.mx:Kontrolle:2025-04-08,2025-04-08
:sg:Kontrolle:2025-03-06,2025-03-06
:sg:Kontrolle:2025-02-28,2025-02-28
:sg:Kontrolle:2025-03-24,2025-03-24
:sg:Kontrolle:2025-02-12,2025-02-12
:tr:Kontrolle:2025-03-14,2025-03-14
:tr:Kontrolle:2024-12-02,2024-12-02
:ca:Kontrolle:2025-04-08,2025-04-08
:pl:Kontrolle:2025-04-09,2025-04-09
:com.mx:Kontrolle:2025-04-09,2025-04-09
:fr:Kontrolle:2025-04-09,2025-04-09
:co.uk:Kontrolle:2025-04-09,2025-04-09
:it:Kontrolle:2025-04-09,2025-04-09
:com:Kontrolle:2025-04-09,2025-04-09
:jp:Kontrolle:2025-04-09,2025-04-09
:sg:Kontrolle:2025-04-09,2025-04-09
:ca:Kontrolle:2025-04-09,2025-04-09
:es:Kontrolle:2025-04-09,2025-04-09
:au:Kontrolle:2025-04-10,2025-04-10
:be:Kontrolle:2025-03-04,2025-03-04
:co.uk:Kontrolle:2025-03-04,2025-03-04
:it:Kontrolle:2025-03-04,2025-03-04
:sg:Kontrolle:2025-02-17,2025-02-17
:ca:Kontrolle:2025-03-04,2025-03-04
:com.mx:Kontrolle:2025-03-04,2025-03-04
:es:Kontrolle:2025-04-10,2025-04-10
:be:Kontrolle:2025-04-10,2025-04-10
:fr:Kontrolle:2025-04-10,2025-04-10
:com:Kontrolle:2025-04-10,2025-04-10
:com.mx:Kontrolle:2025-04-10,2025-04-10
:es:Kontrolle:2025-03-04,2025-03-04
:fr:Kontrolle:2025-03-04,2025-03-04
:ca:Kontrolle:2025-04-10,2025-04-10
:it:Kontrolle:2025-04-10,2025-04-10
:se:Kontrolle:2025-03-11,2025-03-11
:se:Kontrolle:2025-02-17,2025-02-17
:tr:Kontrolle:2025-03-04,2025-03-04
:tr:Kontrolle:2025-03-25,2025-03-25
:tr:Kontrolle:2025-03-18,2025-03-18
:tr:Kontrolle:2025-03-10,2025-03-10
:tr:Kontrolle:2025-03-03,2025-03-03
:tr:Kontrolle:2025-03-17,2025-03-17
:tr:Kontrolle:2025-03-11,2025-03-11
:com.mx:Kontrolle:2025-03-25,2025-03-25
:it:Kontrolle:2025-03-10,2025-03-10
:it:Kontrolle:2025-03-11,2025-03-11
:fr:Kontrolle:2025-03-07,2025-03-07
:sg:Kontrolle:2025-04-11,2025-04-11
:tr:Kontrolle:2024-12-05,2024-12-05
:sg:Kontrolle:2025-04-14,2025-04-14
:ca:Kontrolle:2025-04-14,2025-04-14
:co.uk:Kontrolle:2025-04-14,2025-04-14
:com:Kontrolle:2025-04-14,2025-04-14
:com.mx:Kontrolle:2025-04-14,2025-04-14
:de:Kontrolle:2025-04-14,2025-04-14
:fr:Kontrolle:2025-04-14,2025-04-14
:es:Kontrolle:2025-04-14,2025-04-14
:it:Kontrolle:2025-04-14,2025-04-14
:nl:Kontrolle:2025-04-14,2025-04-14
:se:Kontrolle:2025-04-14,2025-04-14
:pl:Kontrolle:2025-04-14,2025-04-14
:jp:Kontrolle:2025-04-14,2025-04-14
:au:Kontrolle:2025-04-14,2025-04-14
:be:Kontrolle:2025-04-14,2025-04-14
:jp:Kontrolle:2025-02-18,2025-02-18
:co.uk:Kontrolle:2025-03-28,2025-03-28
:fr:Kontrolle:2025-03-28,2025-03-28
:jp:Kontrolle:2024-12-30,2024-12-30
:nl:Kontrolle:2025-03-03,2025-03-03
:au:Kontrolle:2025-03-11,2025-03-11
:be:Kontrolle:2025-04-15,2025-04-15
:ca:Kontrolle:2025-04-15,2025-04-15
:co.uk:Kontrolle:2025-04-15,2025-04-15
:com:Kontrolle:2025-04-15,2025-04-15
:com.mx:Kontrolle:2025-04-15,2025-04-15
:de:Kontrolle:2025-04-15,2025-04-15
:fr:Kontrolle:2025-04-15,2025-04-15
:es:Kontrolle:2025-04-15,2025-04-15
:it:Kontrolle:2025-04-15,2025-04-15
:nl:Kontrolle:2025-04-15,2025-04-15
:pl:Kontrolle:2025-04-15,2025-04-15
:se:Kontrolle:2025-04-15,2025-04-15
:sg:Kontrolle:2025-04-15,2025-04-15
:tr:Kontrolle:2025-04-15,2025-04-15
:br:Kontrolle:2025-04-15,2025-04-15
:au:Kontrolle:2025-03-07,2025-03-07
:au:Kontrolle:2025-04-15,2025-04-15
:se:Kontrolle:2025-03-03,2025-03-03
:au:Kontrolle:2025-03-17,2025-03-17
:sg:Kontrolle:2025-04-16,2025-04-16
:au:Kontrolle:2025-03-24,2025-03-24
:au:Kontrolle:2025-02-04,2025-02-04
:be:Kontrolle:2025-03-07,2025-03-07
:be:Kontrolle:2025-03-03,2025-03-03
:co.uk:Kontrolle:2025-03-24,2025-03-24
:co.uk:Kontrolle:2025-03-07,2025-03-07
:de:Kontrolle:2025-03-25,2025-03-25
:de:Kontrolle:2025-03-24,2025-03-24
:es:Kontrolle:2025-03-28,2025-03-28
:es:Kontrolle:2025-03-11,2025-03-11
:au:Kontrolle:2024-12-17,2024-12-17
:de:Kontrolle:2025-03-28,2025-03-28
:es:Kontrolle:2025-03-10,2025-03-10
:fr:Kontrolle:2025-03-25,2025-03-25
:it:Kontrolle:2025-03-25,2025-03-25
:com:Kontrolle:2025-04-18,2025-04-18
:com.mx:Kontrolle:2025-04-18,2025-04-18
:co.uk:Kontrolle:2025-04-18,2025-04-18
:de:Kontrolle:2025-04-18,2025-04-18
:es:Kontrolle:2025-04-18,2025-04-18
:fr:Kontrolle:2025-04-18,2025-04-18
:it:Kontrolle:2025-04-18,2025-04-18
:nl:Kontrolle:2025-04-18,2025-04-18
:sg:Kontrolle:2025-04-18,2025-04-18
:se:Kontrolle:2025-04-18,2025-04-18
:tr:Kontrolle:2025-04-18,2025-04-18
:pl:Kontrolle:2025-04-18,2025-04-18
:ca:Kontrolle:2025-04-18,2025-04-18
:es:Kontrolle:2025-04-22,2025-04-22
:pl:Kontrolle:2025-02-10,2025-02-10
:pl:Kontrolle:2025-03-11,2025-03-11
:pl:Kontrolle:2025-02-13,2025-02-13
:pl:Kontrolle:2025-02-04,2025-02-04
:se:Kontrolle:2025-01-07,2025-01-07
:be:Kontrolle:2025-03-11,2025-03-11
:ca:Kontrolle:2025-03-07,2025-03-07
:co.uk:Kontrolle:2025-03-11,2025-03-11
:co.uk:Kontrolle:2025-01-07,2025-01-07
:com:Kontrolle:2025-03-07,2025-03-07
:com.mx:Kontrolle:2025-03-07,2025-03-07
:com.mx:Kontrolle:2025-02-28,2025-02-28
:com.mx:Kontrolle:2025-03-11,2025-03-11
:jp:Kontrolle:2025-04-25,2025-04-25
:fr:Kontrolle:2025-04-25,2025-04-25
:sg:Kontrolle:2025-04-25,2025-04-25
:it:Kontrolle:2025-04-25,2025-04-25
:tr:Kontrolle:2025-04-25,2025-04-25
:nl:Kontrolle:2025-04-25,2025-04-25
:co.uk:Kontrolle:2025-04-25,2025-04-25
:au:Kontrolle:2025-04-25,2025-04-25
:newegg:Kontrolle:2025-04-28,2025-04-28
:sg:Kontrolle:2025-04-28,2025-04-28
:ca:Kontrolle:2025-04-28,2025-04-28
:co.uk:Kontrolle:2025-04-28,2025-04-28
:com.mx:Kontrolle:2025-04-28,2025-04-28
:it:Kontrolle:2025-04-28,2025-04-28
:es:Kontrolle:2025-04-28,2025-04-28
:de:Kontrolle:2025-04-28,2025-04-28
:jp:Kontrolle:2025-04-28,2025-04-28
:au:Kontrolle:2025-04-28,2025-04-28
:com:Kontrolle:2025-04-28,2025-04-28
:tr:Kontrolle:2025-04-28,2025-04-28
:nl:Kontrolle:2025-04-28,2025-04-28
:pl:Kontrolle:2025-04-28,2025-04-28
:be:Kontrolle:2025-04-28,2025-04-28
:fr:Kontrolle:2025-04-28,2025-04-28
:se:Kontrolle:2025-04-28,2025-04-28
:ca:Kontrolle:2025-03-11,2025-03-11
:com:Kontrolle:2025-03-06,2025-03-06
:com:Kontrolle:2025-04-29,2025-04-29
:co.uk:Kontrolle:2025-04-29,2025-04-29
:de:Kontrolle:2025-04-29,2025-04-29
:nl:Kontrolle:2025-04-29,2025-04-29
:ca:Kontrolle:2025-04-29,2025-04-29
:fr:Kontrolle:2025-04-29,2025-04-29
:sg:Kontrolle:2025-04-29,2025-04-29
:tr:Kontrolle:2025-04-29,2025-04-29
:be:Kontrolle:2025-04-29,2025-04-29
:de:Kontrolle:2025-03-10,2025-03-10
:com.mx:Kontrolle:2025-04-29,2025-04-29
:com:Kontrolle:2025-03-04,2025-03-04
:sg:Kontrolle:2025-03-04,2025-03-04
:newegg:Kontrolle:2025-04-29,2025-04-29
:com:Kontrolle:2025-03-11,2025-03-11
:com:Kontrolle:2025-02-17,2025-02-17
:au:Kontrolle:2025-03-03,2025-03-03
:ca:Kontrolle:2025-03-06,2025-03-06
:sg:Kontrolle:2025-03-10,2025-03-10
:de:Kontrolle:2025-03-07,2025-03-07
:de:Kontrolle:2025-03-11,2025-03-11
:es:Kontrolle:2025-04-30,2025-04-30
:com.mx:Kontrolle:2025-05-02,2025-05-02
:be:Kontrolle:2025-05-02,2025-05-02
:ca:Kontrolle:2025-05-02,2025-05-02
:de:Kontrolle:2025-05-02,2025-05-02
:es:Kontrolle:2025-05-02,2025-05-02
:jp:Kontrolle:2025-01-08,2025-01-08
:fr:Kontrolle:2025-05-02,2025-05-02
:fr:Kontrolle:2025-05-05,2025-05-05
:se:Kontrolle:2025-05-05,2025-05-05
:au:Kontrolle:2025-05-05,2025-05-05
:pl:Kontrolle:2025-05-05,2025-05-05
:sg:Kontrolle:2025-01-08,2025-01-08
:tr:Kontrolle:2025-02-03,2025-02-03
:es:Kontrolle:2025-05-05,2025-05-05
:it:Kontrolle:2025-05-05,2025-05-05
:sg:Kontrolle:2025-05-05,2025-05-05
:fr:Kontrolle:2025-03-10,2025-03-10
:be:Kontrolle:2025-05-05,2025-05-05
:com:Kontrolle:2025-05-05,2025-05-05
:co.uk:Kontrolle:2025-05-05,2025-05-05
:ca:Kontrolle:2025-05-05,2025-05-05
:de:Kontrolle:2025-05-05,2025-05-05
:co.uk:Kontrolle:2025-03-03,2025-03-03
:se:Kontrolle:2025-03-18,2025-03-18
:com.mx:Kontrolle:2025-05-05,2025-05-05
:nl:Kontrolle:2025-05-05,2025-05-05
:co.uk:Kontrolle:2025-02-17,2025-02-17
:es:Kontrolle:2025-02-17,2025-02-17
:tr:Kontrolle:2025-02-10,2025-02-10
:newegg:Kontrolle:2025-05-06,2025-05-06
:tr:Kontrolle:2025-04-30,2025-04-30
:jp:BE am:2025-05-27,2025-05-27
:com.mx:Kontrolle:2025-05-20,2025-05-20
:it:BE am:2025-05-19,2025-05-19
:nl:BE am:2025-05-12,2025-05-12
:se:BE am:2025-05-23,2025-05-23
:pl:Kontrolle:2025-05-14,2025-05-14
:sg:Kontrolle:2025-05-23,2025-05-23
:au:Kontrolle:2025-05-06,2025-05-06
:be:K am:2025-05-20,2025-05-20
:ca:K am:2025-05-20,2025-05-20
:com:Kontrolle:2025-05-20,2025-05-20
:co.uk:Kontrolle:2025-05-23,2025-05-23
:de:K am:2025-05-20,2025-05-20
:it:Kontrolle:2025-05-23,2025-05-23
:nl:BE am:2025-05-09,2025-05-09
:se:K am:2025-05-20,2025-05-20
:pl:BE am:2025-05-12,2025-05-12
:ca:Kontrolle:2025-05-06,2025-05-06
:it:Kontrolle:2025-05-12,2025-05-12
:nl:Kontrolle:2025-05-12,2025-05-12
:tr:Kontrolle:2025-05-14,2025-05-14
:com.mx:BE am:2025-05-08,2025-05-08
:jp:Kontrolle:2025-05-14,2025-05-14
:co.uk:K am:2025-05-20,2025-05-20
:de:Kontrolle:2025-05-20,2025-05-20
:tr:Kontrolle:2025-05-30,2025-05-30
:pl:Kontrolle:2025-05-26,2025-05-26
:com:Kontrolle:2025-05-26,2025-05-26
:co.uk:C am:2025-05-09,2025-05-09
:tr:Kontrolle:2025-05-26,2025-05-26
:com.mx:Kontrolle:2025-05-26,2025-05-26
:tr:Kontrolle:2025-05-27,2025-05-27
:pl:Kontrolle:2025-05-22,2025-05-22
:com:BE am:2025-05-21,2025-05-21
:de:Kontrolle:2025-05-08,2025-05-08
:se:Kontrolle:2025-05-14,2025-05-14
:com.mx:Kontrolle:2025-05-12,2025-05-12
:au:Kontrolle:2025-05-20,2025-05-20
:nl:Kontrolle:2025-05-26,2025-05-26
:tr:Kontrolle:2025-05-15,2025-05-15
:be:Kontrolle:2025-05-06,2025-05-06
:es:K am:2025-05-20,2025-05-20
:fr:K am:2025-05-20,2025-05-20
:se:BE am:2025-05-12,2025-05-12
:nl:Kontrolle:2025-05-20,2025-05-20
:se:Kontrolle:2025-05-26,2025-05-26
:pl:Kontrolle:2025-05-15,2025-05-15
:fr:Kontrolle:2025-05-12,2025-05-12
:com:Kontrolle:2025-05-23,2025-05-23
:es:Kontrolle:2025-05-08,2025-05-08
:it:BE am:2025-05-09,2025-05-09
:au:Kontrolle:2025-05-23,2025-05-23
:com:Kontrolle:2025-05-30,2025-05-30
:se:Kontrolle:2025-05-15,2025-05-15
:tr:BE am:2025-05-21,2025-05-21
:de:Kontrolle:2025-05-23,2025-05-23
:sg:C am:2025-05-09,2025-05-09
:se:Kontrolle:2025-05-23,2025-05-23
:nl:Kontrolle:2025-05-23,2025-05-23
:it:Kontrolle:2025-05-26,2025-05-26
:com.mx:Kontrolle:2025-05-30,2025-05-30
:com:Kontrolle:2025-05-08,2025-05-08
:tr:BE am:2025-05-22,2025-05-22
:com.mx:BE am:2025-05-12,2025-05-12
:sg:BE am:2025-05-22,2025-05-22
:de:C am:2025-05-09,2025-05-09
:es:Kontrolle:2025-05-30,2025-05-30
:fr:Kontrolle:2025-05-30,2025-05-30
:se:Kontrolle:2025-05-30,2025-05-30
:tr:C am:2025-05-30,2025-05-30
:tr:BE am:2025-05-27,2025-05-27
:fr:BE am:2025-05-19,2025-05-19
:se:BE am:2025-05-15,2025-05-15
:co.uk:Kontrolle:2025-05-06,2025-05-06
:fr:BE am:2025-05-12,2025-05-12
:nl:Kontrolle:2025-05-30,2025-05-30
:sg:Kontrolle:2025-05-26,2025-05-26
:au:Kontrolle:2025-05-26,2025-05-26
:jp:Kontrolle:2025-05-30,2025-05-30
:sg:Kontrolle:2025-05-30,2025-05-30
:fr:BE am:2025-05-08,2025-05-08
:se:BE am:2025-05-21,2025-05-21
:co.uk:K am:2025-05-30,2025-05-30
:ca:K am:2025-05-30,2025-05-30
:com:K am:2025-05-30,2025-05-30
:es:K am:2025-05-30,2025-05-30
:be:Kontrolle:2025-05-23,2025-05-23
:es:K am:2025-06-02,2025-06-02
:nl:Kontrolle:2025-05-13,2025-05-13
:es:K am:2025-05-26,2025-05-26
:be:K am:2025-06-02,2025-06-02
:ca:Kontrolle:2025-06-02,2025-06-02
:au:K am:2025-06-02,2025-06-02
:co.uk:K am:2025-06-02,2025-06-02
:ca:Kontrolle:2025-05-26,2025-05-26
:au:K am:2025-05-26,2025-05-26
:de:Kontrolle:2025-05-26,2025-05-26
:fr:K am:2025-05-26,2025-05-26
:co.uk:Kontrolle:2025-05-26,2025-05-26
:se:Kontrolle:2025-06-02,2025-06-02
:tr:Kontrolle:2025-06-02,2025-06-02
:co.uk:K am:2025-05-26,2025-05-26
:de:Kontrolle:2025-06-02,2025-06-02
:fr:Kontrolle:2025-05-26,2025-05-26
:sg:K am:2025-05-26,2025-05-26
:com:BE am:2025-05-08,2025-05-08
:be:Kontrolle:2025-05-28,2025-05-28
:au:Kontrolle:2025-05-28,2025-05-28
:ca:K am:2025-05-28,2025-05-28
:com:Kontrolle:2025-05-28,2025-05-28
:es:Kontrolle:2025-05-28,2025-05-28
:fr:BE am:2025-05-09,2025-05-09
:au:K am:2025-05-28,2025-05-28
:com:K am:2025-05-28,2025-05-28
:de:K am:2025-05-28,2025-05-28
:sg:BE am:2025-05-23,2025-05-23
:co.uk:Kontrolle:2025-05-28,2025-05-28
:com.mx:Kontrolle:2025-05-28,2025-05-28
:com:Kontrolle:2025-05-27,2025-05-27
:de:Kontrolle:2025-05-27,2025-05-27
:au:Kontrolle:2025-05-27,2025-05-27
:co.uk:Kontrolle:2025-05-27,2025-05-27
:nl:Kontrolle:2025-05-27,2025-05-27
:ca:Kontrolle:2025-05-27,2025-05-27
:it:Kontrolle:2025-05-27,2025-05-27
:sg:Kontrolle:2025-05-27,2025-05-27
:au:K am:2025-05-27,2025-05-27
:be:Kontrolle:2025-05-27,2025-05-27
:fr:Kontrolle:2025-05-27,2025-05-27
:sg:Kontrolle:2025-05-15,2025-05-15
:fr:Kontrolle:2025-05-13,2025-05-13
:ca:Kontrolle:2025-05-13,2025-05-13
:au:Kontrolle:2025-05-13,2025-05-13
:be:Kontrolle:2025-05-13,2025-05-13
:com:Kontrolle:2025-05-13,2025-05-13
:co.uk:BE am:2025-05-22,2025-05-22
:it:BE am:2025-05-22,2025-05-22
:jp:Kontrolle:2025-05-13,2025-05-13
:se:Kontrolle:2025-05-13,2025-05-13
:tr:Kontrolle:2025-05-13,2025-05-13
:pl:Kontrolle:2025-05-13,2025-05-13
:jp:Kontrolle:2025-05-27,2025-05-27
:pl:BE am:2025-05-23,2025-05-23
:nl:Kontrolle:2025-05-15,2025-05-15
:nl:BE am:2025-05-22,2025-05-22
:pl:K am:2025-05-30,2025-05-30
:se:BE am:2025-05-27,2025-05-27
:be:BE am:2025-05-15,2025-05-15
:ca:BE am:2025-05-15,2025-05-15
:com:BE am:2025-05-15,2025-05-15
:com.mx:Kontrolle:2025-05-15,2025-05-15
:co.uk:BE am:2025-05-15,2025-05-15
:de:Kontrolle:2025-05-15,2025-05-15
:es:BE am:2025-05-15,2025-05-15
:fr:BE am:2025-05-15,2025-05-15
:it:Kontrolle:2025-05-15,2025-05-15
:sg:BE am:2025-05-15,2025-05-15
:com:Kontrolle:2025-05-15,2025-05-15
:de:BE am:2025-05-15,2025-05-15
:it:BE am:2025-05-15,2025-05-15
:jp:BE am:2025-05-15,2025-05-15
:nl:BE am:2025-05-15,2025-05-15
:tr:BE am:2025-05-15,2025-05-15
:pl:BE am:2025-05-15,2025-05-15
:au:Kontrolle:2025-05-15,2025-05-15
:co.uk:Kontrolle:2025-05-15,2025-05-15
:be:Kontrolle:2025-05-15,2025-05-15
:es:Kontrolle:2025-05-15,2025-05-15
:fr:Kontrolle:2025-05-15,2025-05-15
:co.uk:K am:2025-05-09,2025-05-09
:de:K am:2025-05-09,2025-05-09
:be:K am:2025-05-09,2025-05-09
:fr:K am:2025-05-09,2025-05-09
:sg:Kontrolle:2025-05-20,2025-05-20
:au:K am:2025-05-09,2025-05-09
:com:K am:2025-05-09,2025-05-09
:com.mx:BE am:2025-05-14,2025-05-14
:it:Kontrolle:2025-05-20,2025-05-20
:nl:K am:2025-05-09,2025-05-09
:se:K am:2025-05-09,2025-05-09
:pl:K am:2025-05-09,2025-05-09
:sg:Kontrolle:2025-05-09,2025-05-09
:se:Kontrolle:2025-05-09,2025-05-09
:ca:K am:2025-05-09,2025-05-09
:com:Kontrolle:2025-05-09,2025-05-09
:tr:K am:2025-05-09,2025-05-09
:es:Kontrolle:2025-05-20,2025-05-20
:jp:Kontrolle:2025-05-20,2025-05-20
:co.uk:Kontrolle:2025-05-09,2025-05-09
:ca:Kontrolle:2025-05-20,2025-05-20
:au:Kontrolle:2025-05-09,2025-05-09
:fr:Kontrolle:2025-05-09,2025-05-09
:fr:Kontrolle:2025-05-20,2025-05-20
:jp:K am:2025-05-09,2025-05-09
:sg:BE am:2025-05-14,2025-05-14
:co.uk:Kontrolle:2025-06-02,2025-06-02
:jp:K am:2025-05-14,2025-05-14
:nl:Kontrolle:2025-05-09,2025-05-09
:pl:Kontrolle:2025-05-09,2025-05-09
:tr:Kontrolle:2025-05-20,2025-05-20
:ca:Kontrolle:2025-05-09,2025-05-09
:sg:K am:2025-05-09,2025-05-09
:tr:Kontrolle:2025-05-09,2025-05-09
:ca:Kontrolle:2025-05-12,2025-05-12
:com:K am:2025-05-12,2025-05-12
:se:K am:2025-05-12,2025-05-12
:tr:K am:2025-05-12,2025-05-12
:au:Kontrolle:2025-05-12,2025-05-12
:com:Kontrolle:2025-05-12,2025-05-12
:com.mx:K am:2025-05-12,2025-05-12
:co.uk:K am:2025-05-12,2025-05-12
:de:K am:2025-05-12,2025-05-12
:pl:K am:2025-05-12,2025-05-12
:au:K am:2025-05-12,2025-05-12
:sg:K am:2025-05-12,2025-05-12
:es:K am:2025-05-12,2025-05-12
:fr:K am:2025-05-12,2025-05-12
:au:Kontrolle:2025-06-02,2025-06-02
:be:Kontrolle:2025-06-02,2025-06-02
:es:Kontrolle:2025-06-02,2025-06-02
:fr:Kontrolle:2025-06-02,2025-06-02
:jp:Kontrolle:2025-06-02,2025-06-02
:com:Kontrolle:2025-06-02,2025-06-02
:it:Kontrolle:2025-06-02,2025-06-02
:nl:K am:2025-05-12,2025-05-12
:be:K am:2025-05-12,2025-05-12
:sg:Kontrolle:2025-05-12,2025-05-12
:be:Kontrolle:2025-05-12,2025-05-12
:co.uk:Kontrolle:2025-05-12,2025-05-12
:be:K am:2025-05-14,2025-05-14
:com.mx:Kontrolle:2025-05-14,2025-05-14
:co.uk:K am:2025-05-14,2025-05-14
:de:Kontrolle:2025-06-03,2025-06-03
:au:Kontrolle:2025-06-03,2025-06-03
:es:Kontrolle:2025-05-23,2025-05-23
:fr:Kontrolle:2025-05-23,2025-05-23
:pl:Kontrolle:2025-05-23,2025-05-23
:fr:BE am:2025-05-21,2025-05-21
:jp:Kontrolle:2025-05-09,2025-05-09
:ca:Kontrolle:2025-06-03,2025-06-03
:com:Kontrolle:2025-06-03,2025-06-03
:jp:BE am:2025-05-21,2025-05-21
:de:BE am:2025-05-20,2025-05-20
:jp:Kontrolle:2025-05-21,2025-05-21
:se:Kontrolle:2025-05-06,2025-05-06
:co.uk:BE am:2025-05-21,2025-05-21
:it:BE am:2025-05-21,2025-05-21
:co.uk:Kontrolle:2025-05-19,2025-05-19
:de:Kontrolle:2025-05-19,2025-05-19
:se:Kontrolle:2025-05-27,2025-05-27
:pl:Kontrolle:2025-05-27,2025-05-27
:nl:Kontrolle:2025-05-06,2025-05-06
:tr:Kontrolle:2025-05-06,2025-05-06
:be:Kontrolle:2025-05-19,2025-05-19
:com.mx:Kontrolle:2025-05-27,2025-05-27
:it:Kontrolle:2025-05-21,2025-05-21
:pl:Kontrolle:2025-05-06,2025-05-06
:be:Kontrolle:2025-06-03,2025-06-03
:se:BE am:2025-05-22,2025-05-22
:pl:BE am:2025-05-08,2025-05-08
:nl:BE am:2025-05-08,2025-05-08
:co.uk:Kontrolle:2025-06-03,2025-06-03
:es:BE am:2025-05-16,2025-05-16
:com.mx:Kontrolle:2025-05-06,2025-05-06
:sg:Kontrolle:2025-05-06,2025-05-06
:com.mx:BE am:2025-05-22,2025-05-22
:fr:Kontrolle:2025-05-14,2025-05-14
:es:K am:2025-05-09,2025-05-09
:it:K am:2025-05-09,2025-05-09
:be:Kontrolle:2025-05-09,2025-05-09
:de:Kontrolle:2025-05-09,2025-05-09
:it:Kontrolle:2025-05-09,2025-05-09
:com.mx:Kontrolle:2025-05-09,2025-05-09
:de:Kontrolle:2025-05-13,2025-05-13
:com.mx:BE am:2025-05-20,2025-05-20
:es:BE am:2025-05-20,2025-05-20
:fr:BE am:2025-05-20,2025-05-20
:it:BE am:2025-05-20,2025-05-20
:com:Kontrolle:2025-05-19,2025-05-19
:es:Kontrolle:2025-05-13,2025-05-13
:se:Kontrolle:2025-05-19,2025-05-19
:com.mx:K am:2025-05-13,2025-05-13
:es:K am:2025-05-13,2025-05-13
:nl:K am:2025-05-13,2025-05-13
:sg:Reopen C2 am:2025-06-03,2025-06-03
:pl:K am:2025-05-13,2025-05-13
:co.uk:K am:2025-05-13,2025-05-13
:de:K am:2025-05-13,2025-05-13
:it:K am:2025-05-13,2025-05-13
:co.uk:K am:2025-05-15,2025-05-15
:de:K am:2025-05-15,2025-05-15
:es:K am:2025-05-15,2025-05-15
:nl:K am:2025-05-15,2025-05-15
:sg:BE am:2025-05-16,2025-05-16
:se:K am:2025-05-15,2025-05-15
:pl:K am:2025-05-15,2025-05-15
:it:K am:2025-05-15,2025-05-15
:tr:K am:2025-05-15,2025-05-15
:com.mx:Kontrolle:2025-05-19,2025-05-19
:fr:K am:2025-05-15,2025-05-15
:jp:BE am:2025-05-16,2025-05-16
:ca:Kontrolle:2025-05-15,2025-05-15
:com:K am:2025-05-15,2025-05-15
:sg:K am:2025-05-15,2025-05-15
:com.mx:K am:2025-05-15,2025-05-15
:ca:K am:2025-05-15,2025-05-15
:fr:BE am:2025-05-16,2025-05-16
:it:BE am:2025-05-16,2025-05-16
:tr:BE am:2025-05-16,2025-05-16
:be:K am:2025-05-15,2025-05-15
:jp:Kontrolle:2025-05-22,2025-05-22
:es:Kontrolle:2025-05-27,2025-05-27
:de:BE am:2025-05-16,2025-05-16
:sg:Kontrolle:2025-05-19,2025-05-19
:au:K am:2025-05-15,2025-05-15
:es:BE am:2025-05-21,2025-05-21
:se:BE am:2025-05-16,2025-05-16
:pl:BE am:2025-05-16,2025-05-16
:ca:BE am:2025-05-21,2025-05-21
:es:Kontrolle:2025-05-19,2025-05-19
:fr:Kontrolle:2025-05-28,2025-05-28
:pl:Kontrolle:2025-05-28,2025-05-28
:it:Kontrolle:2025-05-28,2025-05-28
:sg:Kontrolle:2025-05-28,2025-05-28
:com:Kontrolle:2025-05-16,2025-05-16
:com.mx:K am:2025-05-16,2025-05-16
:it:Kontrolle:2025-05-16,2025-05-16
:au:Kontrolle:2025-05-16,2025-05-16
:ca:Kontrolle:2025-05-16,2025-05-16
:com.mx:Kontrolle:2025-05-16,2025-05-16
:es:Kontrolle:2025-05-16,2025-05-16
:fr:Kontrolle:2025-05-16,2025-05-16
:co.uk:Kontrolle:2025-05-16,2025-05-16
:it:Kontrolle:2025-05-19,2025-05-19
:nl:Kontrolle:2025-05-16,2025-05-16
:sg:Kontrolle:2025-05-16,2025-05-16
:be:K am:2025-05-16,2025-05-16
:com:Kontrolle:2025-05-21,2025-05-21
:nl:Kontrolle:2025-05-28,2025-05-28
:se:K am:2025-05-16,2025-05-16
:tr:Kontrolle:2025-05-28,2025-05-28
:se:Kontrolle:2025-05-16,2025-05-16
:ca:BE am:2025-05-16,2025-05-16
:au:K am:2025-05-19,2025-05-19
:ca:K am:2025-05-19,2025-05-19
:de:K am:2025-05-19,2025-05-19
:es:K am:2025-05-19,2025-05-19
:nl:K am:2025-05-19,2025-05-19
:se:K am:2025-05-19,2025-05-19
:tr:K am:2025-05-19,2025-05-19
:com:K am:2025-05-19,2025-05-19
:co.uk:K am:2025-05-19,2025-05-19
:pl:K am:2025-05-19,2025-05-19
:com:K am:2025-05-20,2025-05-20
:it:K am:2025-05-20,2025-05-20
:co.uk:Kontrolle:2025-05-20,2025-05-20
:co.uk:BE am:2025-05-16,2025-05-16
:nl:K am:2025-05-20,2025-05-20
:pl:K am:2025-05-20,2025-05-20
:be:BE am:2025-05-22,2025-05-22
:com:BE am:2025-05-22,2025-05-22
:be:Kontrolle:2025-05-22,2025-05-22
:ca:BE am:2025-05-22,2025-05-22
:es:Kontrolle:2025-05-22,2025-05-22
:fr:Kontrolle:2025-05-22,2025-05-22
:newegg:Kontrolle:2025-06-04,2025-06-04
:com.mx:Kontrolle:2025-06-05,2025-06-05
:nl:Kontrolle:2025-06-05,2025-06-05
:sg:Kontrolle:2025-06-05,2025-06-05
:jp:Kontrolle:2025-06-05,2025-06-05
:fr:Kontrolle:2025-06-05,2025-06-05
:pl:Kontrolle:2025-06-05,2025-06-05
:ca:Kontrolle:2025-06-05,2025-06-05
:es:Kontrolle:2025-06-05,2025-06-05
:au:Kontrolle:2025-06-05,2025-06-05
:se:Kontrolle:2025-06-05,2025-06-05
:it:Kontrolle:2025-06-05,2025-06-05
:tr:Kontrolle:2025-06-05,2025-06-05
:com:Kontrolle:2025-06-05,2025-06-05
:be:Kontrolle:2025-06-05,2025-06-05
:co.uk:Kontrolle:2025-06-05,2025-06-05
:de:Kontrolle:2025-06-05,2025-06-05
:com.mx:Kontrolle:2025-06-06,2025-06-06
:fr:Kontrolle:2025-06-06,2025-06-06
:se:Kontrolle:2025-06-06,2025-06-06
:pl:Kontrolle:2025-06-06,2025-06-06
:sg:Kontrolle:2025-06-06,2025-06-06
:es:Kontrolle:2025-06-06,2025-06-06
:jp:Kontrolle:2025-06-06,2025-06-06
:tr:Kontrolle:2025-06-06,2025-06-06
:it:Kontrolle:2025-06-06,2025-06-06
:nl:Kontrolle:2025-06-06,2025-06-06
:com:Kontrolle:2025-06-06,2025-06-06
:de:Kontrolle:2025-06-06,2025-06-06
:au:Kontrolle:2025-06-06,2025-06-06
:ca:Kontrolle:2025-06-06,2025-06-06
:co.uk:Kontrolle:2025-06-06,2025-06-06
:be:Kontrolle:2025-06-06,2025-06-06
:pl:Kontrolle:2025-06-02,2025-06-02
:com:Kontrolle:2025-06-11,2025-06-11
:es:Kontrolle:2025-03-06,2025-03-06
:de:Kontrolle:2025-06-12,2025-06-12
:tr:Kontrolle:2025-02-11,2025-02-11
:es:Kontrolle:2025-06-12,2025-06-12
:de:Kontrolle:2025-03-06,2025-03-06
:com.mx:Kontrolle:2025-06-12,2025-06-12
:pl:Kontrolle:2025-02-28,2025-02-28
:pl:Kontrolle:2025-06-12,2025-06-12
:fr:Kontrolle:2025-03-06,2025-03-06
:be:Kontrolle:2025-06-12,2025-06-12
:sg:Kontrolle:2025-06-12,2025-06-12
:ca:Kontrolle:2025-06-12,2025-06-12
:it:Kontrolle:2025-06-12,2025-06-12
:tr:Kontrolle:2025-06-12,2025-06-12
:se:Kontrolle:2025-06-12,2025-06-12
:co.uk:Kontrolle:2025-06-12,2025-06-12
:it:Kontrolle:2025-06-13,2025-06-13
:nl:Kontrolle:2025-06-13,2025-06-13
:se:Kontrolle:2025-06-13,2025-06-13
:pl:Kontrolle:2025-06-13,2025-06-13
:es:Kontrolle:2025-06-13,2025-06-13
:sg:Kontrolle:2025-06-13,2025-06-13
:tr:Kontrolle:2025-06-13,2025-06-13
:jp:Kontrolle:2025-06-13,2025-06-13
:de:Kontrolle:2025-06-13,2025-06-13
:ca:Kontrolle:2025-06-13,2025-06-13
:co.uk:Kontrolle:2025-06-13,2025-06-13
:jp:Kontrolle:2025-03-10,2025-03-10
:com:Kontrolle:2025-06-13,2025-06-13
:jp:Kontrolle:2025-03-11,2025-03-11
:newegg:Kontrolle:2025-06-13,2025-06-13
:de:Kontrolle:2025-06-16,2025-06-16
:tr:Kontrolle:2025-06-03,2025-06-03
:it:Kontrolle:2025-06-20,2025-06-20
:com:Kontrolle:2025-06-20,2025-06-20
:sg:Kontrolle:2025-06-20,2025-06-20
:se:Kontrolle:2025-06-20,2025-06-20
:pl:Kontrolle:2025-06-20,2025-06-20
:be:Kontrolle:2025-06-20,2025-06-20
:de:Kontrolle:2025-06-20,2025-06-20
:co.uk:Kontrolle:2025-06-20,2025-06-20
:com.mx:Kontrolle:2025-06-20,2025-06-20
:fr:Kontrolle:2025-06-20,2025-06-20
:ca:Kontrolle:2025-06-20,2025-06-20
:es:Kontrolle:2025-06-20,2025-06-20
:nl:Kontrolle:2025-06-20,2025-06-20
:it:Kontrolle:2025-06-24,2025-06-24
:com:Kontrolle:2025-06-24,2025-06-24
:es:Kontrolle:2025-06-24,2025-06-24
:ca:Kontrolle:2025-06-24,2025-06-24
:be:Kontrolle:2025-06-24,2025-06-24
:nl:Kontrolle:2025-06-24,2025-06-24
:se:Kontrolle:2025-06-24,2025-06-24
:de:Kontrolle:2025-06-24,2025-06-24
:fr:Kontrolle:2025-06-24,2025-06-24
:sg:Kontrolle:2025-06-24,2025-06-24
:com.mx:Kontrolle:2025-06-24,2025-06-24
:co.uk:Kontrolle:2025-06-24,2025-06-24
:pl:Kontrolle:2025-06-24,2025-06-24
:newegg:Kontrolle:2025-06-24,2025-06-24
:ca:Kontrolle:2025-06-25,2025-06-25
:com:Kontrolle:2025-06-25,2025-06-25
:com.mx:Kontrolle:2025-06-25,2025-06-25
:es:Kontrolle:2025-06-25,2025-06-25
:de:Kontrolle:2025-03-27,2025-03-27
:se:Kontrolle:2025-06-25,2025-06-25
:fr:Kontrolle:2025-06-25,2025-06-25
:it:Kontrolle:2025-06-25,2025-06-25
:tr:Kontrolle:2025-06-25,2025-06-25
:pl:Kontrolle:2025-06-25,2025-06-25
:de:Kontrolle:2025-06-25,2025-06-25
:be:Kontrolle:2025-06-25,2025-06-25
:au:Kontrolle:2025-03-20,2025-03-20
:co.uk:Kontrolle:2025-06-25,2025-06-25
:jp:Kontrolle:2025-06-25,2025-06-25
:au:Kontrolle:2025-06-25,2025-06-25
:de:Kontrolle:2025-06-26,2025-06-26
:be:Kontrolle:2025-06-26,2025-06-26
:es:Kontrolle:2025-06-26,2025-06-26
:fr:Kontrolle:2025-06-26,2025-06-26
:it:Kontrolle:2025-06-26,2025-06-26
:jp:Kontrolle:2025-06-26,2025-06-26
:com.mx:Kontrolle:2025-06-26,2025-06-26
:au:Kontrolle:2025-06-26,2025-06-26
:sg:Kontrolle:2025-06-26,2025-06-26
:nl:Kontrolle:2025-06-26,2025-06-26
:pl:Kontrolle:2025-06-26,2025-06-26
:se:Kontrolle:2025-06-26,2025-06-26
:tr:Kontrolle:2025-06-26,2025-06-26
:ca:Kontrolle:2025-06-26,2025-06-26
:co.uk:Kontrolle:2025-06-26,2025-06-26
:com:Kontrolle:2025-06-26,2025-06-26
:au:Kontrolle:2025-06-27,2025-06-27
:tr:Kontrolle:2025-06-27,2025-06-27
:pl:Kontrolle:2025-06-27,2025-06-27
:be:Kontrolle:2025-06-27,2025-06-27
:de:Kontrolle:2025-06-27,2025-06-27
:sg:Kontrolle:2025-06-27,2025-06-27
:se:Kontrolle:2025-06-27,2025-06-27
:es:Kontrolle:2025-06-27,2025-06-27
:it:Kontrolle:2025-06-27,2025-06-27
:nl:Kontrolle:2025-06-27,2025-06-27
:ca:Kontrolle:2025-06-27,2025-06-27
:com:Kontrolle:2025-06-27,2025-06-27
:co.uk:Kontrolle:2025-06-30,2025-06-30
:com:Kontrolle:2025-06-30,2025-06-30
:fr:Kontrolle:2025-06-30,2025-06-30
:it:Kontrolle:2025-06-30,2025-06-30
:ca:Kontrolle:2025-06-30,2025-06-30
:be:Kontrolle:2025-06-30,2025-06-30
:de:Kontrolle:2025-06-30,2025-06-30
:com.mx:Kontrolle:2025-06-30,2025-06-30
:sg:Kontrolle:2025-06-30,2025-06-30
:tr:Kontrolle:2025-06-30,2025-06-30
:se:Kontrolle:2025-06-30,2025-06-30
:pl:Kontrolle:2025-06-30,2025-06-30
:au:Kontrolle:2025-07-01,2025-07-01
:ca:Kontrolle:2025-07-01,2025-07-01
:com:Kontrolle:2025-07-01,2025-07-01
:newegg:Kontrolle:2025-07-01,2025-07-01
:co.uk:Kontrolle:2025-07-01,2025-07-01
:be:Kontrolle:2025-07-01,2025-07-01
:es:Kontrolle:2025-07-01,2025-07-01
:it:Kontrolle:2025-07-01,2025-07-01
:jp:Kontrolle:2025-07-01,2025-07-01
:nl:Kontrolle:2025-07-01,2025-07-01
:sg:Kontrolle:2025-07-01,2025-07-01
:tr:Kontrolle:2025-07-01,2025-07-01
:pl:Kontrolle:2025-07-01,2025-07-01
:fr:Kontrolle:2025-07-01,2025-07-01
:com.mx:Kontrolle:2025-07-01,2025-07-01
:de:Kontrolle:2025-07-01,2025-07-01
:se:Kontrolle:2025-07-01,2025-07-01
:es:Kontrolle:2025-07-02,2025-07-02
:fr:Kontrolle:2025-07-02,2025-07-02
:it:Kontrolle:2025-07-02,2025-07-02
:jp:Kontrolle:2025-07-02,2025-07-02
:sg:Kontrolle:2025-07-02,2025-07-02
:se:Kontrolle:2025-07-02,2025-07-02
:tr:Kontrolle:2025-07-02,2025-07-02
:pl:Kontrolle:2025-07-02,2025-07-02
:com.mx:Kontrolle:2025-07-02,2025-07-02
:nl:Kontrolle:2025-07-02,2025-07-02
:de:Kontrolle:2025-07-02,2025-07-02
:co.uk:Kontrolle:2025-07-02,2025-07-02
:be:Kontrolle:2025-07-02,2025-07-02
:ca:Kontrolle:2025-07-02,2025-07-02
:com:Kontrolle:2025-07-02,2025-07-02
:au:Kontrolle:2025-07-02,2025-07-02
:au:Kontrolle:2025-07-03,2025-07-03
:be:Kontrolle:2025-07-03,2025-07-03
:ca:Kontrolle:2025-07-03,2025-07-03
:co.uk:Kontrolle:2025-07-03,2025-07-03
:de:Kontrolle:2025-07-03,2025-07-03
:com:Kontrolle:2025-07-03,2025-07-03
:es:Kontrolle:2025-07-03,2025-07-03
:fr:Kontrolle:2025-07-03,2025-07-03
:it:Kontrolle:2025-07-03,2025-07-03
:jp:Kontrolle:2025-07-03,2025-07-03
:com.mx:Kontrolle:2025-07-03,2025-07-03
:pl:Kontrolle:2025-07-03,2025-07-03
:sg:Kontrolle:2025-07-03,2025-07-03
:se:Kontrolle:2025-07-03,2025-07-03
:tr:Kontrolle:2025-07-03,2025-07-03
:nl:Kontrolle:2025-07-03,2025-07-03
:com.mx:Kontrolle:2025-07-04,2025-07-04
:nl:Kontrolle:2025-07-04,2025-07-04
:sg:Kontrolle:2025-07-04,2025-07-04
:se:Kontrolle:2025-07-04,2025-07-04
:tr:Kontrolle:2025-07-04,2025-07-04
:pl:Kontrolle:2025-07-04,2025-07-04
:jp:Kontrolle:2025-07-04,2025-07-04
:de:Kontrolle:2025-07-04,2025-07-04
:es:Kontrolle:2025-07-04,2025-07-04
:be:Kontrolle:2025-07-04,2025-07-04
:ca:Kontrolle:2025-07-04,2025-07-04
:com:Kontrolle:2025-07-04,2025-07-04
:co.uk:Kontrolle:2025-07-04,2025-07-04
:fr:Kontrolle:2025-07-04,2025-07-04
:it:Kontrolle:2025-07-04,2025-07-04
:es:Kontrolle:2025-07-07,2025-07-07
:fr:Kontrolle:2025-07-07,2025-07-07
:pl:Kontrolle:2025-07-07,2025-07-07
:it:Kontrolle:2025-07-07,2025-07-07
:se:Kontrolle:2025-07-07,2025-07-07
:de:Kontrolle:2025-07-07,2025-07-07
:nl:Kontrolle:2025-07-07,2025-07-07
:sg:Kontrolle:2025-07-07,2025-07-07
:au:Kontrolle:2025-07-07,2025-07-07
:be:Kontrolle:2025-07-07,2025-07-07
:ca:Kontrolle:2025-07-07,2025-07-07
:com:Kontrolle:2025-07-07,2025-07-07
:com.mx:Kontrolle:2025-07-07,2025-07-07
:co.uk:Kontrolle:2025-07-07,2025-07-07
:jp:Kontrolle:2025-07-07,2025-07-07
:tr:Kontrolle:2025-07-07,2025-07-07
:it:Kontrolle:2025-07-08,2025-07-08
:jp:Kontrolle:2025-07-08,2025-07-08
:com.mx:Kontrolle:2025-07-08,2025-07-08
:nl:Kontrolle:2025-07-08,2025-07-08
:be:Kontrolle:2025-07-09,2025-07-09
:com:Kontrolle:2025-07-09,2025-07-09
:com.mx:Kontrolle:2025-07-09,2025-07-09
:co.uk:Kontrolle:2025-07-09,2025-07-09
:de:Kontrolle:2025-07-09,2025-07-09
:fr:Kontrolle:2025-07-09,2025-07-09
:jp:Kontrolle:2025-07-09,2025-07-09
:it:Kontrolle:2025-07-09,2025-07-09
:es:Kontrolle:2025-07-09,2025-07-09
:se:Kontrolle:2025-07-09,2025-07-09
:au:Kontrolle:2025-07-09,2025-07-09
:pl:Kontrolle:2025-07-09,2025-07-09
:sg:Kontrolle:2025-07-09,2025-07-09
:ca:Kontrolle:2025-07-09,2025-07-09
:nl:Kontrolle:2025-07-09,2025-07-09
:nl:Kontrolle:2025-07-10,2025-07-10
:it:Kontrolle:2025-07-10,2025-07-10
:se:Kontrolle:2025-07-10,2025-07-10
:pl:Kontrolle:2025-07-10,2025-07-10
:es:Kontrolle:2025-07-10,2025-07-10
:com.mx:Kontrolle:2025-07-10,2025-07-10
:ca:Kontrolle:2025-07-10,2025-07-10
:com:Kontrolle:2025-07-10,2025-07-10
:sg:Kontrolle:2025-07-10,2025-07-10
:de:Kontrolle:2025-07-10,2025-07-10
:fr:Kontrolle:2025-07-10,2025-07-10
:be:Kontrolle:2025-07-10,2025-07-10
:co.uk:Kontrolle:2025-07-10,2025-07-10
:tr:Kontrolle:2025-07-10,2025-07-10
:au:Kontrolle:2025-07-10,2025-07-10
:jp:Kontrolle:2025-07-10,2025-07-10
:sg:Kontrolle:2025-03-25,2025-03-25
:de:Kontrolle:2025-07-11,2025-07-11
:fr:Kontrolle:2025-07-11,2025-07-11
:es:Kontrolle:2025-07-11,2025-07-11
:it:Kontrolle:2025-07-11,2025-07-11
:nl:Kontrolle:2025-07-11,2025-07-11
:pl:Kontrolle:2025-07-11,2025-07-11
:se:Kontrolle:2025-07-11,2025-07-11
:be:Kontrolle:2025-07-11,2025-07-11
:br:Kontrolle:2025-07-11,2025-07-11
:ca:Kontrolle:2025-07-11,2025-07-11
:co.uk:Kontrolle:2025-07-11,2025-07-11
:com:Kontrolle:2025-07-11,2025-07-11
:sg:Kontrolle:2025-07-11,2025-07-11
:tr:Kontrolle:2025-07-11,2025-07-11
:com.mx:Kontrolle:2025-07-11,2025-07-11
:au:Kontrolle:2025-07-11,2025-07-11
:com.mx:Kontrolle:2025-07-14,2025-07-14
:ca:Kontrolle:2025-07-14,2025-07-14
:be:Kontrolle:2025-07-14,2025-07-14
:com:Kontrolle:2025-07-14,2025-07-14
:co.uk:Kontrolle:2025-07-14,2025-07-14
:co.uk:Kontrolle:2025-07-15,2025-07-15
:ca:Kontrolle:2025-07-15,2025-07-15
:es:Kontrolle:2025-07-15,2025-07-15
:it:Kontrolle:2025-07-15,2025-07-15
:pl:Kontrolle:2025-07-15,2025-07-15
:be:Kontrolle:2025-07-15,2025-07-15
:com.mx:Kontrolle:2025-07-15,2025-07-15
:nl:Kontrolle:2025-07-15,2025-07-15
:sg:Kontrolle:2025-07-15,2025-07-15
:jp:Kontrolle:2025-07-16,2025-07-16
:sg:Kontrolle:2025-07-16,2025-07-16
:tr:Kontrolle:2025-07-16,2025-07-16
:com:Kontrolle:2025-07-16,2025-07-16
:com.mx:Kontrolle:2025-07-16,2025-07-16
:co.uk:Kontrolle:2025-07-16,2025-07-16
:de:Kontrolle:2025-07-16,2025-07-16
:nl:Kontrolle:2025-07-16,2025-07-16
:pl:Kontrolle:2025-07-16,2025-07-16
:au:Kontrolle:2025-07-16,2025-07-16
:se:Kontrolle:2025-07-16,2025-07-16
:de:Kontrolle:2025-07-17,2025-07-17
:be:Kontrolle:2025-07-18,2025-07-18
:au:Kontrolle:2025-07-18,2025-07-18
:jp:Kontrolle:2025-07-18,2025-07-18
:sg:Kontrolle:2025-07-18,2025-07-18
:ca:Kontrolle:2025-07-18,2025-07-18
:co.uk:Kontrolle:2025-07-18,2025-07-18
:de:Kontrolle:2025-07-18,2025-07-18
:it:Kontrolle:2025-07-18,2025-07-18
:com:Kontrolle:2025-07-18,2025-07-18
:com.mx:Kontrolle:2025-07-18,2025-07-18
:es:Kontrolle:2025-07-18,2025-07-18
:fr:Kontrolle:2025-07-18,2025-07-18
:nl:Kontrolle:2025-07-18,2025-07-18
:se:Kontrolle:2025-07-18,2025-07-18
:tr:Kontrolle:2025-07-18,2025-07-18
:pl:Kontrolle:2025-07-18,2025-07-18
:fr:Kontrolle:2025-07-21,2025-07-21
:nl:Kontrolle:2025-07-22,2025-07-22
:com.mx:Kontrolle:2025-07-22,2025-07-22
:it:Kontrolle:2025-07-22,2025-07-22
:au:Kontrolle:2025-07-22,2025-07-22
:co.uk:Kontrolle:2025-07-22,2025-07-22
:de:Kontrolle:2025-07-22,2025-07-22
:fr:Kontrolle:2025-07-22,2025-07-22
:be:Kontrolle:2025-07-22,2025-07-22
:com:Kontrolle:2025-07-22,2025-07-22
:sg:Kontrolle:2025-07-22,2025-07-22
:ca:Kontrolle:2025-07-22,2025-07-22
:co.uk:Kontrolle:2025-07-23,2025-07-23
:de:Kontrolle:2025-07-23,2025-07-23
:es:Kontrolle:2025-07-23,2025-07-23
:fr:Kontrolle:2025-07-23,2025-07-23
:it:Kontrolle:2025-07-23,2025-07-23
:nl:Kontrolle:2025-07-23,2025-07-23
:se:Kontrolle:2025-07-23,2025-07-23
:pl:Kontrolle:2025-07-23,2025-07-23
NF:de:Kontrolle:2025-11-19,2025-11-19
NF:com:Kontrolle:2025-03-31,2025-03-31
NH:fr:Kontrolle:2025-03-31,2025-03-31
NF:com:Kontrolle:2025-03-18,2025-03-18
NH:it:Kontrolle:2025-03-31,2025-03-31
NH:jp:Kontrolle:2025-03-31,2025-03-31
NH:nl:Kontrolle:2025-03-31,2025-03-31
NF:com.mx:Kontrolle:2025-03-10,2025-03-10
NH:au:Kontrolle:2025-03-31,2025-03-31
NH:be:Kontrolle:2025-03-31,2025-03-31
NH:sg:Kontrolle:2025-03-31,2025-03-31
NH:se:Kontrolle:2025-03-31,2025-03-31
NH:tr:Kontrolle:2025-03-31,2025-03-31
NH:pl:Kontrolle:2025-03-31,2025-03-31
NH:ca:Kontrolle:2025-03-31,2025-03-31
NH:com:Kontrolle:2025-03-31,2025-03-31
NH:co.uk:Kontrolle:2025-03-31,2025-03-31
NH:de:Kontrolle:2025-03-31,2025-03-31
NH:es:Kontrolle:2025-03-31,2025-03-31
NH:com.mx:Kontrolle:2025-03-31,2025-03-31
NF:it:Kontrolle:2025-03-31,2025-03-31
NF:sg:Kontrolle:2025-03-11,2025-03-11
NF:com:Kontrolle:2025-04-01,2025-04-01
NF:sg:Kontrolle:2025-04-01,2025-04-01
NH:sg:Kontrolle:2025-03-21,2025-03-21
NH:be:Kontrolle:2025-03-28,2025-03-28
NH:be:Kontrolle:2025-03-20,2025-03-20
NF:it:Kontrolle:2025-04-01,2025-04-01
NF:nl:Kontrolle:2025-04-01,2025-04-01
NF:se:Kontrolle:2025-04-01,2025-04-01
NF:tr:Kontrolle:2025-04-01,2025-04-01
NH:be:Kontrolle:2025-03-17,2025-03-17
NF:com.mx:Kontrolle:2025-03-18,2025-03-18
NH:be:Kontrolle:2025-03-21,2025-03-21
NH:de:Kontrolle:2025-03-17,2025-03-17
NH:de:Kontrolle:2025-03-21,2025-03-21
NF:pl:Kontrolle:2025-04-01,2025-04-01
NH:be:Kontrolle:2025-03-27,2025-03-27
NH:ca:Kontrolle:2025-03-28,2025-03-28
NF:com.mx:Kontrolle:2025-03-19,2025-03-19
NH:com:Kontrolle:2025-03-28,2025-03-28
NH:de:Kontrolle:2025-03-18,2025-03-18
NF:fr:Kontrolle:2025-04-01,2025-04-01
NH:com:Kontrolle:2025-03-27,2025-03-27
NF:jp:Kontrolle:2025-03-04,2025-03-04
NF:jp:Kontrolle:2025-03-17,2025-03-17
NF:jp:Kontrolle:2024-12-17,2024-12-17
NF:jp:Kontrolle:2025-02-04,2025-02-04
NF:es:Kontrolle:2025-03-25,2025-03-25
NF:ca:Kontrolle:2025-03-18,2025-03-18
NF:ca:Kontrolle:2025-04-01,2025-04-01
NH:es:Kontrolle:2025-03-20,2025-03-20
NF:de:Kontrolle:2025-04-01,2025-04-01
NH:ca:Kontrolle:2025-03-27,2025-03-27
NH:es:Kontrolle:2025-03-21,2025-03-21
NH:co.uk:Kontrolle:2025-03-20,2025-03-20
NH:co.uk:Kontrolle:2025-03-17,2025-03-17
NH:es:Kontrolle:2025-03-17,2025-03-17
NH:co.uk:Kontrolle:2025-03-21,2025-03-21
NH:co.uk:Kontrolle:2025-02-19,2025-02-19
NH:co.uk:Kontrolle:2025-03-18,2025-03-18
NH:fr:Kontrolle:2025-03-20,2025-03-20
NH:fr:Kontrolle:2025-03-17,2025-03-17
NH:fr:Kontrolle:2025-03-21,2025-03-21
NF:sg:Kontrolle:2025-04-02,2025-04-02
NF:com.mx:Kontrolle:2025-04-02,2025-04-02
NH:au:Kontrolle:2025-03-27,2025-03-27
NH:it:Kontrolle:2025-03-17,2025-03-17
NH:it:Kontrolle:2025-03-20,2025-03-20
NH:es:Kontrolle:2025-03-27,2025-03-27
NH:be:Kontrolle:2025-04-02,2025-04-02
NH:co.uk:Kontrolle:2025-04-02,2025-04-02
NH:com:Kontrolle:2025-03-20,2025-03-20
NH:de:Kontrolle:2025-04-02,2025-04-02
NH:es:Kontrolle:2025-03-18,2025-03-18
NH:fr:Kontrolle:2025-04-02,2025-04-02
NH:it:Kontrolle:2025-04-02,2025-04-02
NH:tr:Kontrolle:2025-04-02,2025-04-02
NH:au:Kontrolle:2025-04-02,2025-04-02
NH:com.mx:Kontrolle:2025-03-28,2025-03-28
NH:com.mx:Kontrolle:2025-03-17,2025-03-17
NH:com.mx:Kontrolle:2025-03-20,2025-03-20
NH:com.mx:Kontrolle:2025-03-21,2025-03-21
NH:it:Kontrolle:2025-03-21,2025-03-21
NH:com.mx:Kontrolle:2025-03-18,2025-03-18
NH:ca:Kontrolle:2025-03-20,2025-03-20
NH:es:Kontrolle:2025-04-02,2025-04-02
NH:sg:Kontrolle:2025-03-20,2025-03-20
NH:com.mx:Kontrolle:2025-03-27,2025-03-27
NH:ca:Kontrolle:2025-04-02,2025-04-02
NH:sg:Kontrolle:2025-04-02,2025-04-02
NH:de:Kontrolle:2025-03-20,2025-03-20
NH:ca:Kontrolle:2025-03-21,2025-03-21
NH:com:Kontrolle:2025-03-21,2025-03-21
NH:tr:Kontrolle:2025-03-21,2025-03-21
NH:com:Kontrolle:2025-04-02,2025-04-02
NH:au:Kontrolle:2025-03-21,2025-03-21
NH:ca:Kontrolle:2025-03-17,2025-03-17
NH:com:Kontrolle:2025-03-17,2025-03-17
NH:com:Kontrolle:2025-03-18,2025-03-18
NH:it:Kontrolle:2025-03-18,2025-03-18
NH:sg:Kontrolle:2025-03-27,2025-03-27
NH:nl:Kontrolle:2025-03-20,2025-03-20
NA:au:Kontrolle:2025-03-06,2025-03-06
NA:co.uk:Kontrolle:2025-03-06,2025-03-06
NH:nl:Kontrolle:2025-03-18,2025-03-18
NA:com:Kontrolle:2025-03-24,2025-03-24
NA:es:Kontrolle:2025-03-07,2025-03-07
NA:fr:Kontrolle:2025-03-11,2025-03-11
NA:jp:Kontrolle:2025-01-14,2025-01-14
NA:jp:Kontrolle:2024-12-02,2024-12-02
NA:com.mx:Kontrolle:2025-03-24,2025-03-24
NH:nl:Kontrolle:2025-03-21,2025-03-21
NH:nl:Kontrolle:2025-03-27,2025-03-27
NH:fr:Kontrolle:2025-03-27,2025-03-27
NH:fr:Kontrolle:2025-03-18,2025-03-18
NF:com:Kontrolle:2025-04-03,2025-04-03
NF:com.mx:Kontrolle:2025-04-03,2025-04-03
NH:pl:Kontrolle:2025-03-20,2025-03-20
NH:pl:Kontrolle:2025-03-21,2025-03-21
NF:nl:Kontrolle:2025-03-20,2025-03-20
NF:nl:Kontrolle:2025-03-04,2025-03-04
NF:nl:Kontrolle:2025-03-25,2025-03-25
NF:nl:Kontrolle:2025-03-10,2025-03-10
NF:nl:Kontrolle:2025-03-11,2025-03-11
NF:be:Kontrolle:2025-03-24,2025-03-24
NH:se:Kontrolle:2025-03-21,2025-03-21
NH:se:Kontrolle:2025-03-20,2025-03-20
NF:com.mx:Kontrolle:2025-04-04,2025-04-04
NF:com:Kontrolle:2025-04-04,2025-04-04
NF:ca:Kontrolle:2025-04-04,2025-04-04
NF:fr:Kontrolle:2025-02-17,2025-02-17
NH:sg:Kontrolle:2025-04-04,2025-04-04
NH:tr:Kontrolle:2025-03-27,2025-03-27
NH:se:Kontrolle:2025-03-27,2025-03-27
NH:pl:Kontrolle:2025-03-27,2025-03-27
NF:pl:Kontrolle:2025-03-04,2025-03-04
NF:pl:Kontrolle:2025-03-20,2025-03-20
NF:pl:Kontrolle:2025-03-25,2025-03-25
NF:pl:Kontrolle:2025-03-10,2025-03-10
NF:pl:Kontrolle:2025-03-18,2025-03-18
NF:se:Kontrolle:2025-03-04,2025-03-04
NF:se:Kontrolle:2025-03-20,2025-03-20
NF:se:Kontrolle:2025-03-10,2025-03-10
NF:se:Kontrolle:2025-03-25,2025-03-25
NH:com.mx:Kontrolle:2025-04-07,2025-04-07
NH:nl:Kontrolle:2025-04-07,2025-04-07
NH:pl:Kontrolle:2025-04-07,2025-04-07
NH:au:Kontrolle:2025-04-07,2025-04-07
NH:be:Kontrolle:2025-04-07,2025-04-07
NH:ca:Kontrolle:2025-04-07,2025-04-07
NH:com:Kontrolle:2025-04-07,2025-04-07
NH:it:Kontrolle:2025-04-07,2025-04-07
NH:co.uk:Kontrolle:2025-04-07,2025-04-07
NH:de:Kontrolle:2025-04-07,2025-04-07
NH:es:Kontrolle:2025-04-07,2025-04-07
NH:fr:Kontrolle:2025-04-07,2025-04-07
NH:jp:Kontrolle:2025-04-07,2025-04-07
NH:sg:Kontrolle:2025-04-07,2025-04-07
NH:se:Kontrolle:2025-04-07,2025-04-07
NH:tr:Kontrolle:2025-04-07,2025-04-07
NA:co.uk:Kontrolle:2025-04-07,2025-04-07
NA:sg:Kontrolle:2025-04-07,2025-04-07
NA:de:Kontrolle:2025-04-07,2025-04-07
NA:au:Kontrolle:2025-04-07,2025-04-07
NA:com:Kontrolle:2025-04-07,2025-04-07
NA:ca:Kontrolle:2025-04-07,2025-04-07
NH:jp:Kontrolle:2025-03-21,2025-03-21
NH:jp:Kontrolle:2025-03-27,2025-03-27
NF:jp:Kontrolle:2025-04-08,2025-04-08
NA:co.uk:Kontrolle:2025-04-08,2025-04-08
NA:jp:Kontrolle:2025-04-08,2025-04-08
NA:com:Kontrolle:2025-04-08,2025-04-08
NA:es:Kontrolle:2025-04-08,2025-04-08
NA:com.mx:Kontrolle:2025-04-08,2025-04-08
NA:sg:Kontrolle:2025-03-06,2025-03-06
NA:sg:Kontrolle:2025-02-28,2025-02-28
NA:sg:Kontrolle:2025-03-24,2025-03-24
NA:sg:Kontrolle:2025-02-12,2025-02-12
NA:tr:Kontrolle:2025-03-14,2025-03-14
NA:tr:Kontrolle:2024-12-02,2024-12-02
NH:ca:Kontrolle:2025-04-08,2025-04-08
NH:com:Kontrolle:2025-04-08,2025-04-08
NH:com.mx:Kontrolle:2025-04-08,2025-04-08
NH:pl:Kontrolle:2025-04-09,2025-04-09
NH:com.mx:Kontrolle:2025-04-09,2025-04-09
NH:fr:Kontrolle:2025-04-09,2025-04-09
NH:co.uk:Kontrolle:2025-04-09,2025-04-09
NH:it:Kontrolle:2025-04-09,2025-04-09
NF:com:Kontrolle:2025-04-09,2025-04-09
NF:com.mx:Kontrolle:2025-04-09,2025-04-09
NF:jp:Kontrolle:2025-04-09,2025-04-09
NF:sg:Kontrolle:2025-04-09,2025-04-09
NF:co.uk:Kontrolle:2025-04-09,2025-04-09
NF:ca:Kontrolle:2025-04-09,2025-04-09
NF:fr:Kontrolle:2025-04-09,2025-04-09
NF:es:Kontrolle:2025-04-09,2025-04-09
NF:it:Kontrolle:2025-04-09,2025-04-09
NF:au:Kontrolle:2025-04-10,2025-04-10
NF:be:Kontrolle:2025-03-04,2025-03-04
NF:co.uk:Kontrolle:2025-03-04,2025-03-04
NF:it:Kontrolle:2025-03-04,2025-03-04
NF:sg:Kontrolle:2025-02-17,2025-02-17
NF:ca:Kontrolle:2025-03-04,2025-03-04
NF:com.mx:Kontrolle:2025-03-04,2025-03-04
NF:es:Kontrolle:2025-04-10,2025-04-10
NF:be:Kontrolle:2025-03-17,2025-03-17
NF:es:Kontrolle:2025-03-20,2025-03-20
NF:fr:Kontrolle:2025-03-20,2025-03-20
NF:it:Kontrolle:2025-03-20,2025-03-20
NF:be:Kontrolle:2025-04-10,2025-04-10
NF:fr:Kontrolle:2025-04-10,2025-04-10
NF:com:Kontrolle:2025-04-10,2025-04-10
NF:com.mx:Kontrolle:2025-04-10,2025-04-10
NF:es:Kontrolle:2025-03-04,2025-03-04
NF:fr:Kontrolle:2025-03-04,2025-03-04
NF:ca:Kontrolle:2025-04-10,2025-04-10
NF:it:Kontrolle:2025-04-10,2025-04-10
NF:se:Kontrolle:2025-03-11,2025-03-11
NF:se:Kontrolle:2025-02-17,2025-02-17
NF:tr:Kontrolle:2025-03-04,2025-03-04
NF:tr:Kontrolle:2025-03-25,2025-03-25
NF:tr:Kontrolle:2025-03-18,2025-03-18
NF:tr:Kontrolle:2025-03-10,2025-03-10
NF:tr:Kontrolle:2025-03-03,2025-03-03
NF:tr:Kontrolle:2025-03-17,2025-03-17
NF:tr:Kontrolle:2025-03-11,2025-03-11
NF:com:Kontrolle:2025-03-28,2025-03-28
NF:com:Kontrolle:2025-03-24,2025-03-24
NF:com.mx:Kontrolle:2025-03-25,2025-03-25
NF:com.mx:Kontrolle:2025-03-28,2025-03-28
NA:it:Kontrolle:2025-03-10,2025-03-10
NA:it:Kontrolle:2025-03-11,2025-03-11
NA:fr:Kontrolle:2025-03-07,2025-03-07
NF:sg:Kontrolle:2025-04-11,2025-04-11
NH:tr:Kontrolle:2024-12-05,2024-12-05
NH:sg:Kontrolle:2025-04-14,2025-04-14
NP:ca:Kontrolle:2025-04-14,2025-04-14
NP:co.uk:Kontrolle:2025-04-14,2025-04-14
NP:com:Kontrolle:2025-04-14,2025-04-14
NP:com.mx:Kontrolle:2025-04-14,2025-04-14
NP:de:Kontrolle:2025-04-14,2025-04-14
NP:fr:Kontrolle:2025-04-14,2025-04-14
NP:es:Kontrolle:2025-04-14,2025-04-14
NP:it:Kontrolle:2025-04-14,2025-04-14
NP:nl:Kontrolle:2025-04-14,2025-04-14
NP:se:Kontrolle:2025-04-14,2025-04-14
NP:pl:Kontrolle:2025-04-14,2025-04-14
NA:jp:Kontrolle:2025-04-14,2025-04-14
NA:se:Kontrolle:2025-04-14,2025-04-14
NA:es:Kontrolle:2025-04-14,2025-04-14
NA:sg:Kontrolle:2025-04-14,2025-04-14
NA:au:Kontrolle:2025-04-14,2025-04-14
NA:jp:Kontrolle:2024-12-17,2024-12-17
NP:be:Kontrolle:2025-04-14,2025-04-14
NA:jp:Kontrolle:2025-02-18,2025-02-18
NP:sg:Kontrolle:2025-04-14,2025-04-14
NH:co.uk:Kontrolle:2025-03-28,2025-03-28
NH:fr:Kontrolle:2025-03-28,2025-03-28
NA:jp:Kontrolle:2024-12-30,2024-12-30
NH:nl:Kontrolle:2025-03-03,2025-03-03
NA:au:Kontrolle:2025-03-11,2025-03-11
NA:be:Kontrolle:2025-04-14,2025-04-14
NA:ca:Kontrolle:2025-04-14,2025-04-14
NP:be:Kontrolle:2025-04-15,2025-04-15
NP:ca:Kontrolle:2025-04-15,2025-04-15
NP:co.uk:Kontrolle:2025-04-15,2025-04-15
NP:com:Kontrolle:2025-04-15,2025-04-15
NP:com.mx:Kontrolle:2025-04-15,2025-04-15
NP:de:Kontrolle:2025-04-15,2025-04-15
NP:fr:Kontrolle:2025-04-15,2025-04-15
NP:es:Kontrolle:2025-04-15,2025-04-15
NP:it:Kontrolle:2025-04-15,2025-04-15
NP:nl:Kontrolle:2025-04-15,2025-04-15
NP:pl:Kontrolle:2025-04-15,2025-04-15
NP:se:Kontrolle:2025-04-15,2025-04-15
NP:sg:Kontrolle:2025-04-15,2025-04-15
NA:com.mx:Kontrolle:2025-04-15,2025-04-15
NA:it:Kontrolle:2025-04-15,2025-04-15
NA:tr:Kontrolle:2025-04-15,2025-04-15
NA:de:Kontrolle:2025-04-15,2025-04-15
NA:se:Kontrolle:2025-04-15,2025-04-15
NA:pl:Kontrolle:2025-04-15,2025-04-15
NA:nl:Kontrolle:2025-04-15,2025-04-15
NA:fr:Kontrolle:2025-04-15,2025-04-15
NP:br:Kontrolle:2025-04-15,2025-04-15
NA:co.uk:Kontrolle:2025-04-15,2025-04-15
NA:com:Kontrolle:2025-04-15,2025-04-15
NA:au:Kontrolle:2025-03-07,2025-03-07
NA:au:Kontrolle:2025-04-15,2025-04-15
NA:es:Kontrolle:2025-04-15,2025-04-15
NH:se:Kontrolle:2025-03-03,2025-03-03
NH:au:Kontrolle:2025-03-17,2025-03-17
NA:sg:Kontrolle:2025-04-15,2025-04-15
NA:ca:Kontrolle:2025-04-15,2025-04-15
NH:sg:Kontrolle:2025-04-16,2025-04-16
NF:au:Kontrolle:2025-03-24,2025-03-24
NF:au:Kontrolle:2025-02-04,2025-02-04
NF:be:Kontrolle:2025-03-07,2025-03-07
NF:be:Kontrolle:2025-03-03,2025-03-03
NF:co.uk:Kontrolle:2025-03-20,2025-03-20
NF:co.uk:Kontrolle:2025-03-24,2025-03-24
NF:co.uk:Kontrolle:2025-03-07,2025-03-07
NF:co.uk:Kontrolle:2025-03-17,2025-03-17
NF:de:Kontrolle:2025-03-20,2025-03-20
NF:de:Kontrolle:2025-03-25,2025-03-25
NF:de:Kontrolle:2025-03-24,2025-03-24
NF:es:Kontrolle:2025-03-24,2025-03-24
NF:es:Kontrolle:2025-03-28,2025-03-28
NF:es:Kontrolle:2025-03-11,2025-03-11
NF:au:Kontrolle:2024-12-17,2024-12-17
NH:de:Kontrolle:2025-03-28,2025-03-28
NF:es:Kontrolle:2025-03-10,2025-03-10
NF:es:Kontrolle:2025-03-18,2025-03-18
NF:fr:Kontrolle:2025-03-25,2025-03-25
NF:fr:Kontrolle:2025-03-11,2025-03-11
NF:it:Kontrolle:2025-03-25,2025-03-25
NF:it:Kontrolle:2025-03-10,2025-03-10
NF:it:Kontrolle:2025-03-11,2025-03-11
NA:com:Kontrolle:2025-04-18,2025-04-18
NA:com.mx:Kontrolle:2025-04-18,2025-04-18
NA:co.uk:Kontrolle:2025-04-18,2025-04-18
NA:de:Kontrolle:2025-04-18,2025-04-18
NA:es:Kontrolle:2025-04-18,2025-04-18
NA:fr:Kontrolle:2025-04-18,2025-04-18
NA:it:Kontrolle:2025-04-18,2025-04-18
NA:nl:Kontrolle:2025-04-18,2025-04-18
NA:sg:Kontrolle:2025-04-18,2025-04-18
NA:se:Kontrolle:2025-04-18,2025-04-18
NA:tr:Kontrolle:2025-04-18,2025-04-18
NA:pl:Kontrolle:2025-04-18,2025-04-18
NA:ca:Kontrolle:2025-04-18,2025-04-18
NF:es:Kontrolle:2025-04-22,2025-04-22
NF:pl:Kontrolle:2025-02-10,2025-02-10
NF:pl:Kontrolle:2025-03-11,2025-03-11
NF:pl:Kontrolle:2025-02-13,2025-02-13
NF:pl:Kontrolle:2025-02-04,2025-02-04
NF:se:Kontrolle:2025-01-07,2025-01-07
NA:be:Kontrolle:2025-03-07,2025-03-07
NA:be:Kontrolle:2025-03-11,2025-03-11
NA:ca:Kontrolle:2025-03-07,2025-03-07
NA:co.uk:Kontrolle:2025-03-11,2025-03-11
NA:co.uk:Kontrolle:2025-03-07,2025-03-07
NA:co.uk:Kontrolle:2025-01-07,2025-01-07
NA:com:Kontrolle:2025-03-07,2025-03-07
NA:com.mx:Kontrolle:2025-03-07,2025-03-07
NA:com.mx:Kontrolle:2025-02-28,2025-02-28
NA:com.mx:Kontrolle:2025-03-10,2025-03-10
NA:com.mx:Kontrolle:2025-03-11,2025-03-11
NA:jp:Kontrolle:2025-04-25,2025-04-25
NA:fr:Kontrolle:2025-04-25,2025-04-25
NA:sg:Kontrolle:2025-04-25,2025-04-25
NA:it:Kontrolle:2025-04-25,2025-04-25
NA:tr:Kontrolle:2025-04-25,2025-04-25
NA:nl:Kontrolle:2025-04-25,2025-04-25
NA:co.uk:Kontrolle:2025-04-25,2025-04-25
NA:au:Kontrolle:2025-04-25,2025-04-25
NV:newegg:Kontrolle:2025-04-28,2025-04-28
NT:newegg:Kontrolle:2025-04-28,2025-04-28
NM:newegg:Kontrolle:2025-04-28,2025-04-28
NF:sg:Kontrolle:2025-04-28,2025-04-28
NF:ca:Kontrolle:2025-04-28,2025-04-28
NF:co.uk:Kontrolle:2025-04-28,2025-04-28
NF:com.mx:Kontrolle:2025-04-28,2025-04-28
NF:it:Kontrolle:2025-04-28,2025-04-28
NF:es:Kontrolle:2025-04-28,2025-04-28
NF:de:Kontrolle:2025-04-28,2025-04-28
NF:jp:Kontrolle:2025-04-28,2025-04-28
NF:au:Kontrolle:2025-04-28,2025-04-28
NF:com:Kontrolle:2025-04-28,2025-04-28
NF:tr:Kontrolle:2025-04-28,2025-04-28
NF:nl:Kontrolle:2025-04-28,2025-04-28
NF:pl:Kontrolle:2025-04-28,2025-04-28
NF:be:Kontrolle:2025-04-28,2025-04-28
NF:newegg:Kontrolle:2025-04-28,2025-04-28
NF:fr:Kontrolle:2025-04-28,2025-04-28
NF:se:Kontrolle:2025-04-28,2025-04-28
NA:ca:Kontrolle:2025-03-11,2025-03-11
NF:com:Kontrolle:2025-03-06,2025-03-06
NA:newegg:Kontrolle:2025-04-28,2025-04-28
NF:com:Kontrolle:2025-04-29,2025-04-29
NF:co.uk:Kontrolle:2025-04-29,2025-04-29
NF:de:Kontrolle:2025-04-29,2025-04-29
NF:nl:Kontrolle:2025-04-29,2025-04-29
NA:co.uk:Kontrolle:2025-03-24,2025-03-24
NF:ca:Kontrolle:2025-04-29,2025-04-29
NF:fr:Kontrolle:2025-04-29,2025-04-29
NF:sg:Kontrolle:2025-04-29,2025-04-29
NF:tr:Kontrolle:2025-04-29,2025-04-29
NF:be:Kontrolle:2025-04-29,2025-04-29
NH:sg:Kontrolle:2025-04-29,2025-04-29
NF:de:Kontrolle:2025-03-10,2025-03-10
NF:de:Kontrolle:2025-03-17,2025-03-17
NF:com.mx:Kontrolle:2025-04-29,2025-04-29
NF:com:Kontrolle:2025-03-04,2025-03-04
NF:sg:Kontrolle:2025-03-04,2025-03-04
NA:newegg:Kontrolle:2025-04-29,2025-04-29
NA:com:Kontrolle:2025-03-11,2025-03-11
NA:com:Kontrolle:2025-02-17,2025-02-17
NF:au:Kontrolle:2025-03-03,2025-03-03
NF:ca:Kontrolle:2025-03-06,2025-03-06
NF:sg:Kontrolle:2025-03-10,2025-03-10
NF:fr:Kontrolle:2025-03-17,2025-03-17
NA:de:Kontrolle:2025-03-07,2025-03-07
NA:de:Kontrolle:2025-03-11,2025-03-11
NA:es:Kontrolle:2025-03-11,2025-03-11
NA:es:Kontrolle:2025-03-24,2025-03-24
NA:es:Kontrolle:2025-03-10,2025-03-10
NA:com.mx:Kontrolle:2025-05-02,2025-05-02
NA:be:Kontrolle:2025-05-02,2025-05-02
NA:ca:Kontrolle:2025-05-02,2025-05-02
NA:de:Kontrolle:2025-05-02,2025-05-02
NA:es:Kontrolle:2025-05-02,2025-05-02
NF:jp:Kontrolle:2025-01-08,2025-01-08
NA:fr:Kontrolle:2025-05-02,2025-05-02
NF:fr:Kontrolle:2025-05-05,2025-05-05
NF:se:Kontrolle:2025-05-05,2025-05-05
NF:au:Kontrolle:2025-05-05,2025-05-05
NF:sg:Kontrolle:2025-01-08,2025-01-08
NF:tr:Kontrolle:2025-02-03,2025-02-03
NF:es:Kontrolle:2025-05-05,2025-05-05
NF:it:Kontrolle:2025-05-05,2025-05-05
NF:sg:Kontrolle:2025-05-05,2025-05-05
NF:fr:Kontrolle:2025-03-10,2025-03-10
NF:be:Kontrolle:2025-05-05,2025-05-05
NF:com:Kontrolle:2025-03-07,2025-03-07
NA:com:Kontrolle:2025-05-05,2025-05-05
NA:co.uk:Kontrolle:2025-05-05,2025-05-05
NF:ca:Kontrolle:2025-05-05,2025-05-05
NA:de:Kontrolle:2025-05-05,2025-05-05
NF:ca:Kontrolle:2025-03-07,2025-03-07
NF:co.uk:Kontrolle:2025-03-03,2025-03-03
NF:co.uk:Kontrolle:2025-05-05,2025-05-05
NF:com:Kontrolle:2025-05-05,2025-05-05
NF:fr:Kontrolle:2025-03-18,2025-03-18
NF:se:Kontrolle:2025-03-18,2025-03-18
NA:se:Kontrolle:2025-03-10,2025-03-10
NF:de:Kontrolle:2025-05-05,2025-05-05
NF:com.mx:Kontrolle:2025-05-05,2025-05-05
NF:nl:Kontrolle:2025-05-05,2025-05-05
NF:co.uk:Kontrolle:2025-02-17,2025-02-17
NF:es:Kontrolle:2025-02-17,2025-02-17
NF:tr:Kontrolle:2025-02-10,2025-02-10
NF:pl:Kontrolle:2025-05-05,2025-05-05
NT:newegg:Kontrolle:2025-05-06,2025-05-06
NH:tr:Kontrolle:2025-04-30,2025-04-30
NA:jp:BE am:2025-05-27,2025-05-27
NA:com.mx:Kontrolle:2025-05-20,2025-05-20
NA:it:BE am:2025-05-19,2025-05-19
NA:nl:BE am:2025-05-12,2025-05-12
NA:se:BE am:2025-05-23,2025-05-23
NA:pl:Kontrolle:2025-05-14,2025-05-14
NA:sg:Kontrolle:2025-05-23,2025-05-23
NA:au:Kontrolle:2025-05-06,2025-05-06
NA:be:K am:2025-05-20,2025-05-20
NA:ca:K am:2025-05-20,2025-05-20
NA:com:Kontrolle:2025-05-20,2025-05-20
NA:co.uk:Kontrolle:2025-05-23,2025-05-23
NA:de:K am:2025-05-20,2025-05-20
NA:it:Kontrolle:2025-05-23,2025-05-23
NA:nl:BE am:2025-05-09,2025-05-09
NA:se:K am:2025-05-20,2025-05-20
NA:pl:BE am:2025-05-12,2025-05-12
NA:ca:Kontrolle:2025-05-06,2025-05-06
NA:it:Kontrolle:2025-05-12,2025-05-12
NA:nl:Kontrolle:2025-05-12,2025-05-12
NA:tr:Kontrolle:2025-05-14,2025-05-14
NA:com.mx:BE am:2025-05-08,2025-05-08
NA:jp:Kontrolle:2025-05-14,2025-05-14
NA:co.uk:K am:2025-05-20,2025-05-20
NA:de:Kontrolle:2025-05-20,2025-05-20
NA:tr:Kontrolle:2025-05-30,2025-05-30
NA:pl:Kontrolle:2025-05-26,2025-05-26
NA:com:Kontrolle:2025-05-26,2025-05-26
NA:co.uk:C am:2025-05-09,2025-05-09
NA:tr:Kontrolle:2025-05-26,2025-05-26
NA:com.mx:Kontrolle:2025-05-26,2025-05-26
NA:tr:Kontrolle:2025-05-27,2025-05-27
NA:pl:Kontrolle:2025-05-22,2025-05-22
NA:com:BE am:2025-05-21,2025-05-21
NA:de:Kontrolle:2025-05-08,2025-05-08
NA:se:Kontrolle:2025-05-14,2025-05-14
NA:com.mx:Kontrolle:2025-05-12,2025-05-12
NA:au:Kontrolle:2025-05-20,2025-05-20
NA:nl:Kontrolle:2025-05-26,2025-05-26
NA:tr:Kontrolle:2025-05-15,2025-05-15
NA:be:Kontrolle:2025-05-06,2025-05-06
NA:es:K am:2025-05-20,2025-05-20
NA:fr:K am:2025-05-20,2025-05-20
NA:se:BE am:2025-05-12,2025-05-12
NA:nl:Kontrolle:2025-05-20,2025-05-20
NA:se:Kontrolle:2025-05-26,2025-05-26
NA:pl:Kontrolle:2025-05-15,2025-05-15
NA:fr:Kontrolle:2025-05-12,2025-05-12
NA:com:Kontrolle:2025-05-23,2025-05-23
NA:es:Kontrolle:2025-05-08,2025-05-08
NA:it:BE am:2025-05-09,2025-05-09
NA:au:Kontrolle:2025-05-23,2025-05-23
NA:com:Kontrolle:2025-05-30,2025-05-30
NA:se:Kontrolle:2025-05-15,2025-05-15
NA:tr:BE am:2025-05-21,2025-05-21
NA:de:Kontrolle:2025-05-23,2025-05-23
NA:sg:C am:2025-05-09,2025-05-09
NA:se:Kontrolle:2025-05-23,2025-05-23
NA:nl:Kontrolle:2025-05-23,2025-05-23
NA:it:Kontrolle:2025-05-26,2025-05-26
NA:com.mx:Kontrolle:2025-05-30,2025-05-30
NA:com:Kontrolle:2025-05-08,2025-05-08
NA:tr:BE am:2025-05-22,2025-05-22
NA:com.mx:BE am:2025-05-12,2025-05-12
NA:sg:BE am:2025-05-22,2025-05-22
NA:de:C am:2025-05-09,2025-05-09
NA:es:Kontrolle:2025-05-30,2025-05-30
NA:fr:Kontrolle:2025-05-30,2025-05-30
NA:se:Kontrolle:2025-05-30,2025-05-30
NA:tr:C am:2025-05-30,2025-05-30
NA:tr:BE am:2025-05-27,2025-05-27
NA:fr:BE am:2025-05-19,2025-05-19
NA:se:BE am:2025-05-15,2025-05-15
NA:co.uk:Kontrolle:2025-05-06,2025-05-06
NA:fr:BE am:2025-05-12,2025-05-12
NA:nl:Kontrolle:2025-05-30,2025-05-30
NA:sg:Kontrolle:2025-05-26,2025-05-26
NA:au:Kontrolle:2025-05-26,2025-05-26
NA:jp:Kontrolle:2025-05-30,2025-05-30
NA:sg:Kontrolle:2025-05-30,2025-05-30
NA:fr:BE am:2025-05-08,2025-05-08
NA:se:BE am:2025-05-21,2025-05-21
NA:co.uk:K am:2025-05-30,2025-05-30
NA:ca:K am:2025-05-30,2025-05-30
NA:com:K am:2025-05-30,2025-05-30
NA:es:K am:2025-05-30,2025-05-30
NA:be:Kontrolle:2025-05-23,2025-05-23
NA:es:K am:2025-06-02,2025-06-02
NA:nl:Kontrolle:2025-05-13,2025-05-13
NA:es:K am:2025-05-26,2025-05-26
NA:be:K am:2025-06-02,2025-06-02
NA:ca:Kontrolle:2025-06-02,2025-06-02
NA:au:K am:2025-06-02,2025-06-02
NA:co.uk:K am:2025-06-02,2025-06-02
NA:ca:Kontrolle:2025-05-26,2025-05-26
NA:au:K am:2025-05-26,2025-05-26
NA:de:Kontrolle:2025-05-26,2025-05-26
NA:fr:K am:2025-05-26,2025-05-26
NA:co.uk:Kontrolle:2025-05-26,2025-05-26
NA:se:Kontrolle:2025-06-02,2025-06-02
NA:tr:Kontrolle:2025-06-02,2025-06-02
NA:co.uk:K am:2025-05-26,2025-05-26
NA:de:Kontrolle:2025-06-02,2025-06-02
NA:fr:Kontrolle:2025-05-26,2025-05-26
NA:sg:K am:2025-05-26,2025-05-26
NA:com:BE am:2025-05-08,2025-05-08
NA:be:Kontrolle:2025-05-28,2025-05-28
NA:au:Kontrolle:2025-05-28,2025-05-28
NA:ca:K am:2025-05-28,2025-05-28
NA:com:Kontrolle:2025-05-28,2025-05-28
NA:es:Kontrolle:2025-05-28,2025-05-28
NA:fr:BE am:2025-05-09,2025-05-09
NA:au:K am:2025-05-28,2025-05-28
NA:com:K am:2025-05-28,2025-05-28
NA:de:K am:2025-05-28,2025-05-28
NA:sg:BE am:2025-05-23,2025-05-23
NA:co.uk:Kontrolle:2025-05-28,2025-05-28
NA:com.mx:Kontrolle:2025-05-28,2025-05-28
NA:com:Kontrolle:2025-05-27,2025-05-27
NA:de:Kontrolle:2025-05-27,2025-05-27
NA:au:Kontrolle:2025-05-27,2025-05-27
NA:co.uk:Kontrolle:2025-05-27,2025-05-27
NA:nl:Kontrolle:2025-05-27,2025-05-27
NA:ca:Kontrolle:2025-05-27,2025-05-27
NA:it:Kontrolle:2025-05-27,2025-05-27
NA:sg:Kontrolle:2025-05-27,2025-05-27
NA:au:K am:2025-05-27,2025-05-27
NA:be:Kontrolle:2025-05-27,2025-05-27
NA:fr:Kontrolle:2025-05-27,2025-05-27
NA:sg:Kontrolle:2025-05-15,2025-05-15
NA:fr:Kontrolle:2025-05-13,2025-05-13
NA:ca:Kontrolle:2025-05-13,2025-05-13
NA:au:Kontrolle:2025-05-13,2025-05-13
NA:be:Kontrolle:2025-05-13,2025-05-13
NA:com:Kontrolle:2025-05-13,2025-05-13
NA:co.uk:BE am:2025-05-22,2025-05-22
NA:it:BE am:2025-05-22,2025-05-22
NA:jp:Kontrolle:2025-05-13,2025-05-13
NA:se:Kontrolle:2025-05-13,2025-05-13
NA:tr:Kontrolle:2025-05-13,2025-05-13
NA:pl:Kontrolle:2025-05-13,2025-05-13
NA:jp:Kontrolle:2025-05-27,2025-05-27
NA:pl:BE am:2025-05-23,2025-05-23
NA:nl:Kontrolle:2025-05-15,2025-05-15
NA:nl:BE am:2025-05-22,2025-05-22
NA:pl:K am:2025-05-30,2025-05-30
NA:se:BE am:2025-05-27,2025-05-27
NT:be:BE am:2025-05-15,2025-05-15
NT:ca:BE am:2025-05-15,2025-05-15
NT:com:BE am:2025-05-15,2025-05-15
NT:com.mx:Kontrolle:2025-05-15,2025-05-15
NT:co.uk:BE am:2025-05-15,2025-05-15
NT:de:Kontrolle:2025-05-15,2025-05-15
NT:es:BE am:2025-05-15,2025-05-15
NT:fr:BE am:2025-05-15,2025-05-15
NT:it:Kontrolle:2025-05-15,2025-05-15
NT:sg:BE am:2025-05-15,2025-05-15
NT:se:BE am:2025-05-15,2025-05-15
NT:pl:Kontrolle:2025-05-15,2025-05-15
NT:com:Kontrolle:2025-05-15,2025-05-15
NT:de:BE am:2025-05-15,2025-05-15
NT:it:BE am:2025-05-15,2025-05-15
NT:jp:BE am:2025-05-15,2025-05-15
NT:nl:BE am:2025-05-15,2025-05-15
NT:tr:BE am:2025-05-15,2025-05-15
NT:pl:BE am:2025-05-15,2025-05-15
NT:au:Kontrolle:2025-05-15,2025-05-15
NT:co.uk:Kontrolle:2025-05-15,2025-05-15
NT:be:Kontrolle:2025-05-15,2025-05-15
NT:nl:Kontrolle:2025-05-15,2025-05-15
NT:es:Kontrolle:2025-05-15,2025-05-15
NT:se:Kontrolle:2025-05-15,2025-05-15
NT:tr:Kontrolle:2025-05-15,2025-05-15
NT:fr:Kontrolle:2025-05-15,2025-05-15
NH:co.uk:K am:2025-05-09,2025-05-09
NH:de:K am:2025-05-09,2025-05-09
NH:nl:Kontrolle:2025-05-20,2025-05-20
NH:tr:BE am:2025-05-15,2025-05-15
NH:be:K am:2025-05-09,2025-05-09
NH:fr:K am:2025-05-09,2025-05-09
NH:es:BE am:2025-05-15,2025-05-15
NH:it:BE am:2025-05-15,2025-05-15
NH:sg:Kontrolle:2025-05-20,2025-05-20
NH:au:K am:2025-05-09,2025-05-09
NH:com:K am:2025-05-09,2025-05-09
NH:com.mx:BE am:2025-05-14,2025-05-14
NH:it:Kontrolle:2025-05-20,2025-05-20
NH:nl:K am:2025-05-09,2025-05-09
NH:se:K am:2025-05-09,2025-05-09
NH:pl:K am:2025-05-09,2025-05-09
NH:sg:Kontrolle:2025-05-09,2025-05-09
NH:se:Kontrolle:2025-05-09,2025-05-09
NH:ca:K am:2025-05-09,2025-05-09
NH:com:Kontrolle:2025-05-09,2025-05-09
NH:fr:BE am:2025-05-15,2025-05-15
NH:nl:BE am:2025-05-15,2025-05-15
NH:tr:K am:2025-05-09,2025-05-09
NH:es:Kontrolle:2025-05-20,2025-05-20
NH:jp:Kontrolle:2025-05-20,2025-05-20
NH:co.uk:Kontrolle:2025-05-09,2025-05-09
NH:se:BE am:2025-05-15,2025-05-15
NH:pl:BE am:2025-05-15,2025-05-15
NH:ca:Kontrolle:2025-05-20,2025-05-20
NH:jp:Kontrolle:2025-05-14,2025-05-14
NH:au:Kontrolle:2025-05-09,2025-05-09
NH:com.mx:Kontrolle:2025-05-20,2025-05-20
NH:fr:Kontrolle:2025-05-09,2025-05-09
NH:fr:Kontrolle:2025-05-20,2025-05-20
NH:jp:K am:2025-05-09,2025-05-09
NH:sg:BE am:2025-05-14,2025-05-14
NH:co.uk:Kontrolle:2025-06-02,2025-06-02
NH:jp:K am:2025-05-14,2025-05-14
NH:nl:Kontrolle:2025-05-09,2025-05-09
NH:pl:Kontrolle:2025-05-09,2025-05-09
NH:tr:Kontrolle:2025-05-20,2025-05-20
NH:ca:Kontrolle:2025-05-09,2025-05-09
NH:sg:K am:2025-05-09,2025-05-09
NH:tr:Kontrolle:2025-05-09,2025-05-09
NH:ca:Kontrolle:2025-05-12,2025-05-12
NH:com:K am:2025-05-12,2025-05-12
NH:se:K am:2025-05-12,2025-05-12
NH:tr:K am:2025-05-12,2025-05-12
NH:au:Kontrolle:2025-05-12,2025-05-12
NH:com:Kontrolle:2025-05-12,2025-05-12
NH:com.mx:K am:2025-05-12,2025-05-12
NH:co.uk:K am:2025-05-12,2025-05-12
NH:de:K am:2025-05-12,2025-05-12
NH:pl:K am:2025-05-12,2025-05-12
NH:au:K am:2025-05-12,2025-05-12
NH:sg:K am:2025-05-12,2025-05-12
NH:com.mx:Kontrolle:2025-05-12,2025-05-12
NH:es:K am:2025-05-12,2025-05-12
NH:fr:K am:2025-05-12,2025-05-12
NH:au:Kontrolle:2025-06-02,2025-06-02
NH:be:Kontrolle:2025-06-02,2025-06-02
NH:de:Kontrolle:2025-06-02,2025-06-02
NH:es:Kontrolle:2025-06-02,2025-06-02
NH:fr:Kontrolle:2025-06-02,2025-06-02
NH:jp:Kontrolle:2025-06-02,2025-06-02
NH:ca:Kontrolle:2025-06-02,2025-06-02
NH:com:Kontrolle:2025-06-02,2025-06-02
NH:it:Kontrolle:2025-06-02,2025-06-02
NH:nl:K am:2025-05-12,2025-05-12
NH:be:K am:2025-05-12,2025-05-12
NH:de:Kontrolle:2025-05-20,2025-05-20
NH:jp:BE am:2025-05-15,2025-05-15
NH:sg:Kontrolle:2025-05-12,2025-05-12
NH:be:Kontrolle:2025-05-12,2025-05-12
NH:co.uk:Kontrolle:2025-05-12,2025-05-12
NH:fr:Kontrolle:2025-05-12,2025-05-12
NH:be:K am:2025-05-14,2025-05-14
NH:com.mx:Kontrolle:2025-05-14,2025-05-14
NH:co.uk:K am:2025-05-14,2025-05-14
NF:de:Kontrolle:2025-06-03,2025-06-03
NF:au:Kontrolle:2025-06-03,2025-06-03
NF:com:Kontrolle:2025-05-27,2025-05-27
NF:fr:BE am:2025-05-21,2025-05-21
NF:jp:Kontrolle:2025-05-09,2025-05-09
NF:ca:Kontrolle:2025-06-03,2025-06-03
NF:tr:BE am:2025-05-22,2025-05-22
NF:com:Kontrolle:2025-06-03,2025-06-03
NF:jp:BE am:2025-05-21,2025-05-21
NF:de:BE am:2025-05-20,2025-05-20
NF:sg:Kontrolle:2025-05-27,2025-05-27
NF:jp:Kontrolle:2025-05-21,2025-05-21
NF:ca:Kontrolle:2025-05-27,2025-05-27
NF:se:Kontrolle:2025-05-06,2025-05-06
NF:com:BE am:2025-05-15,2025-05-15
NF:co.uk:BE am:2025-05-21,2025-05-21
NF:it:BE am:2025-05-21,2025-05-21
NF:sg:BE am:2025-05-22,2025-05-22
NF:be:BE am:2025-05-15,2025-05-15
NF:co.uk:Kontrolle:2025-05-19,2025-05-19
NF:de:Kontrolle:2025-05-19,2025-05-19
NF:nl:Kontrolle:2025-05-27,2025-05-27
NF:se:Kontrolle:2025-05-27,2025-05-27
NF:tr:Kontrolle:2025-05-27,2025-05-27
NF:pl:Kontrolle:2025-05-27,2025-05-27
NF:nl:Kontrolle:2025-05-06,2025-05-06
NF:tr:Kontrolle:2025-05-06,2025-05-06
NF:be:Kontrolle:2025-05-19,2025-05-19
NF:com:Kontrolle:2025-05-15,2025-05-15
NF:com.mx:Kontrolle:2025-05-27,2025-05-27
NF:fr:Kontrolle:2025-05-27,2025-05-27
NF:it:Kontrolle:2025-05-21,2025-05-21
NF:pl:Kontrolle:2025-05-06,2025-05-06
NF:be:Kontrolle:2025-06-03,2025-06-03
NF:nl:BE am:2025-05-22,2025-05-22
NF:se:BE am:2025-05-22,2025-05-22
NF:pl:BE am:2025-05-08,2025-05-08
NF:nl:BE am:2025-05-08,2025-05-08
NF:co.uk:Kontrolle:2025-06-03,2025-06-03
NF:es:BE am:2025-05-16,2025-05-16
NF:be:Kontrolle:2025-05-13,2025-05-13
NF:pl:Kontrolle:2025-05-13,2025-05-13
NF:com.mx:Kontrolle:2025-05-06,2025-05-06
NF:sg:Kontrolle:2025-05-06,2025-05-06
NF:com.mx:BE am:2025-05-22,2025-05-22
NF:nl:Kontrolle:2025-05-13,2025-05-13
NF:fr:Kontrolle:2025-05-14,2025-05-14
NF:pl:Kontrolle:2025-05-09,2025-05-09
NF:au:Kontrolle:2025-05-09,2025-05-09
NF:co.uk:Kontrolle:2025-05-09,2025-05-09
NF:es:K am:2025-05-09,2025-05-09
NF:fr:K am:2025-05-09,2025-05-09
NF:it:K am:2025-05-09,2025-05-09
NF:nl:K am:2025-05-09,2025-05-09
NF:tr:Kontrolle:2025-05-09,2025-05-09
NF:de:K am:2025-05-09,2025-05-09
NF:be:Kontrolle:2025-05-09,2025-05-09
NF:de:Kontrolle:2025-05-09,2025-05-09
NF:it:Kontrolle:2025-05-09,2025-05-09
NF:nl:Kontrolle:2025-05-09,2025-05-09
NF:se:Kontrolle:2025-05-09,2025-05-09
NF:com.mx:Kontrolle:2025-05-09,2025-05-09
NF:de:Kontrolle:2025-05-13,2025-05-13
NF:be:Kontrolle:2025-05-27,2025-05-27
NF:com.mx:BE am:2025-05-20,2025-05-20
NF:co.uk:Kontrolle:2025-05-27,2025-05-27
NF:es:BE am:2025-05-20,2025-05-20
NF:fr:BE am:2025-05-20,2025-05-20
NF:it:BE am:2025-05-20,2025-05-20
NF:com:Kontrolle:2025-05-19,2025-05-19
NF:es:Kontrolle:2025-05-13,2025-05-13
NF:fr:Kontrolle:2025-05-13,2025-05-13
NF:se:Kontrolle:2025-05-19,2025-05-19
NF:tr:Kontrolle:2025-05-13,2025-05-13
NF:ca:Kontrolle:2025-05-13,2025-05-13
NF:com:Kontrolle:2025-05-13,2025-05-13
NF:com.mx:K am:2025-05-13,2025-05-13
NF:es:K am:2025-05-13,2025-05-13
NF:nl:K am:2025-05-13,2025-05-13
NF:sg:Reopen C2 am:2025-06-03,2025-06-03
NF:pl:K am:2025-05-13,2025-05-13
NF:co.uk:K am:2025-05-13,2025-05-13
NF:de:K am:2025-05-13,2025-05-13
NF:it:K am:2025-05-13,2025-05-13
NF:co.uk:K am:2025-05-15,2025-05-15
NF:de:K am:2025-05-15,2025-05-15
NF:es:K am:2025-05-15,2025-05-15
NF:tr:Kontrolle:2025-05-15,2025-05-15
NF:nl:K am:2025-05-15,2025-05-15
NF:sg:BE am:2025-05-16,2025-05-16
NF:se:K am:2025-05-15,2025-05-15
NF:pl:K am:2025-05-15,2025-05-15
NF:it:K am:2025-05-15,2025-05-15
NF:tr:K am:2025-05-15,2025-05-15
NF:com.mx:Kontrolle:2025-05-19,2025-05-19
NF:fr:K am:2025-05-15,2025-05-15
NF:jp:BE am:2025-05-16,2025-05-16
NF:ca:Kontrolle:2025-05-15,2025-05-15
NF:com:K am:2025-05-15,2025-05-15
NF:fr:Kontrolle:2025-05-15,2025-05-15
NF:sg:K am:2025-05-15,2025-05-15
NF:com.mx:K am:2025-05-15,2025-05-15
NF:sg:Kontrolle:2025-05-15,2025-05-15
NF:ca:K am:2025-05-15,2025-05-15
NF:au:Kontrolle:2025-05-15,2025-05-15
NF:jp:BE am:2025-05-27,2025-05-27
NF:fr:BE am:2025-05-16,2025-05-16
NF:it:BE am:2025-05-16,2025-05-16
NF:tr:BE am:2025-05-16,2025-05-16
NF:be:K am:2025-05-15,2025-05-15
NF:com.mx:Kontrolle:2025-05-15,2025-05-15
NF:jp:Kontrolle:2025-05-22,2025-05-22
NF:es:Kontrolle:2025-05-27,2025-05-27
NF:de:BE am:2025-05-16,2025-05-16
NF:nl:Kontrolle:2025-05-15,2025-05-15
NF:sg:Kontrolle:2025-05-19,2025-05-19
NF:au:K am:2025-05-15,2025-05-15
NF:es:Kontrolle:2025-05-15,2025-05-15
NF:be:Kontrolle:2025-05-15,2025-05-15
NF:es:BE am:2025-05-21,2025-05-21
NF:se:BE am:2025-05-16,2025-05-16
NF:pl:BE am:2025-05-16,2025-05-16
NF:ca:BE am:2025-05-21,2025-05-21
NF:es:Kontrolle:2025-05-19,2025-05-19
NF:fr:Kontrolle:2025-05-28,2025-05-28
NF:pl:Kontrolle:2025-05-28,2025-05-28
NF:it:Kontrolle:2025-05-28,2025-05-28
NF:sg:Kontrolle:2025-05-28,2025-05-28
NF:com:Kontrolle:2025-05-16,2025-05-16
NF:com.mx:K am:2025-05-16,2025-05-16
NF:it:Kontrolle:2025-05-16,2025-05-16
NF:au:Kontrolle:2025-05-16,2025-05-16
NF:ca:Kontrolle:2025-05-16,2025-05-16
NF:com.mx:Kontrolle:2025-05-16,2025-05-16
NF:es:Kontrolle:2025-05-16,2025-05-16
NF:fr:Kontrolle:2025-05-16,2025-05-16
NF:co.uk:Kontrolle:2025-05-16,2025-05-16
NF:it:Kontrolle:2025-05-19,2025-05-19
NF:nl:Kontrolle:2025-05-16,2025-05-16
NF:sg:Kontrolle:2025-05-16,2025-05-16
NF:be:K am:2025-05-16,2025-05-16
NF:com:Kontrolle:2025-05-21,2025-05-21
NF:com.mx:Kontrolle:2025-05-28,2025-05-28
NF:co.uk:Kontrolle:2025-05-28,2025-05-28
NF:es:Kontrolle:2025-05-28,2025-05-28
NF:nl:Kontrolle:2025-05-28,2025-05-28
NF:se:K am:2025-05-16,2025-05-16
NF:tr:Kontrolle:2025-05-28,2025-05-28
NF:se:Kontrolle:2025-05-16,2025-05-16
NF:ca:BE am:2025-05-16,2025-05-16
NF:au:K am:2025-05-19,2025-05-19
NF:ca:K am:2025-05-19,2025-05-19
NF:de:K am:2025-05-19,2025-05-19
NF:es:K am:2025-05-19,2025-05-19
NF:nl:K am:2025-05-19,2025-05-19
NF:se:K am:2025-05-19,2025-05-19
NF:tr:K am:2025-05-19,2025-05-19
NF:com:K am:2025-05-19,2025-05-19
NF:co.uk:K am:2025-05-19,2025-05-19
NF:pl:K am:2025-05-19,2025-05-19
NF:com:K am:2025-05-20,2025-05-20
NF:co.uk:K am:2025-05-20,2025-05-20
NF:it:K am:2025-05-20,2025-05-20
NF:tr:Kontrolle:2025-05-20,2025-05-20
NF:co.uk:Kontrolle:2025-05-20,2025-05-20
NF:ca:K am:2025-05-20,2025-05-20
NF:es:K am:2025-05-20,2025-05-20
NF:co.uk:BE am:2025-05-16,2025-05-16
NF:nl:K am:2025-05-20,2025-05-20
NF:pl:K am:2025-05-20,2025-05-20
NF:se:K am:2025-05-20,2025-05-20
NM:be:BE am:2025-05-22,2025-05-22
NM:com:BE am:2025-05-22,2025-05-22
NM:be:Kontrolle:2025-05-22,2025-05-22
NM:co.uk:BE am:2025-05-22,2025-05-22
NM:ca:BE am:2025-05-22,2025-05-22
NM:com:Kontrolle:2025-05-23,2025-05-23
NM:co.uk:Kontrolle:2025-05-23,2025-05-23
NM:de:Kontrolle:2025-05-23,2025-05-23
NM:es:Kontrolle:2025-05-22,2025-05-22
NM:fr:Kontrolle:2025-05-22,2025-05-22
NF:newegg:Kontrolle:2025-06-04,2025-06-04
NA:newegg:Kontrolle:2025-06-04,2025-06-04
NH:newegg:Kontrolle:2025-06-04,2025-06-04
NM:newegg:Kontrolle:2025-06-04,2025-06-04
NF:com.mx:Kontrolle:2025-06-05,2025-06-05
NF:nl:Kontrolle:2025-06-05,2025-06-05
NF:sg:Kontrolle:2025-06-05,2025-06-05
NF:jp:Kontrolle:2025-06-05,2025-06-05
NF:fr:Kontrolle:2025-06-05,2025-06-05
NF:pl:Kontrolle:2025-06-05,2025-06-05
NH:ca:Kontrolle:2025-06-05,2025-06-05
NF:es:Kontrolle:2025-06-05,2025-06-05
NA:au:Kontrolle:2025-06-05,2025-06-05
NF:se:Kontrolle:2025-06-05,2025-06-05
NA:pl:Kontrolle:2025-06-05,2025-06-05
NA:es:Kontrolle:2025-06-05,2025-06-05
NH:se:Kontrolle:2025-06-05,2025-06-05
NA:sg:Kontrolle:2025-06-05,2025-06-05
NF:it:Kontrolle:2025-06-05,2025-06-05
NH:pl:Kontrolle:2025-06-05,2025-06-05
NH:tr:Kontrolle:2025-06-05,2025-06-05
NH:com.mx:Kontrolle:2025-06-05,2025-06-05
NA:se:Kontrolle:2025-06-05,2025-06-05
NH:nl:Kontrolle:2025-06-05,2025-06-05
NH:sg:Kontrolle:2025-06-05,2025-06-05
NA:ca:Kontrolle:2025-06-05,2025-06-05
NA:com:Kontrolle:2025-06-05,2025-06-05
NF:tr:Kontrolle:2025-06-05,2025-06-05
NA:fr:Kontrolle:2025-06-05,2025-06-05
NA:jp:Kontrolle:2025-06-05,2025-06-05
NA:be:Kontrolle:2025-06-05,2025-06-05
NM:fr:Kontrolle:2025-06-05,2025-06-05
NH:jp:Kontrolle:2025-06-05,2025-06-05
NA:co.uk:Kontrolle:2025-06-05,2025-06-05
NA:de:Kontrolle:2025-06-05,2025-06-05
NA:tr:Kontrolle:2025-06-05,2025-06-05
NA:com.mx:Kontrolle:2025-06-05,2025-06-05
NF:ca:Kontrolle:2025-06-05,2025-06-05
NA:it:Kontrolle:2025-06-05,2025-06-05
NH:au:Kontrolle:2025-06-05,2025-06-05
NH:be:Kontrolle:2025-06-05,2025-06-05
NF:com.mx:Kontrolle:2025-06-06,2025-06-06
NF:fr:Kontrolle:2025-06-06,2025-06-06
NF:se:Kontrolle:2025-06-06,2025-06-06
NF:pl:Kontrolle:2025-06-06,2025-06-06
NF:sg:Kontrolle:2025-06-06,2025-06-06
NF:es:Kontrolle:2025-06-06,2025-06-06
NF:jp:Kontrolle:2025-06-06,2025-06-06
NF:tr:Kontrolle:2025-06-06,2025-06-06
NF:it:Kontrolle:2025-06-06,2025-06-06
NF:nl:Kontrolle:2025-06-06,2025-06-06
NA:com:Kontrolle:2025-06-06,2025-06-06
NF:de:Kontrolle:2025-06-06,2025-06-06
NT:au:Kontrolle:2025-06-06,2025-06-06
NT:com:Kontrolle:2025-06-06,2025-06-06
NT:es:Kontrolle:2025-06-06,2025-06-06
NT:fr:Kontrolle:2025-06-06,2025-06-06
NT:nl:Kontrolle:2025-06-06,2025-06-06
NT:pl:Kontrolle:2025-06-06,2025-06-06
NM:jp:Kontrolle:2025-06-06,2025-06-06
NM:fr:Kontrolle:2025-06-06,2025-06-06
NM:it:Kontrolle:2025-06-06,2025-06-06
NM:ca:Kontrolle:2025-06-06,2025-06-06
NM:com:Kontrolle:2025-06-06,2025-06-06
NM:com.mx:Kontrolle:2025-06-06,2025-06-06
NM:co.uk:Kontrolle:2025-06-06,2025-06-06
NM:de:Kontrolle:2025-06-06,2025-06-06
NM:es:Kontrolle:2025-06-06,2025-06-06
NM:nl:Kontrolle:2025-06-06,2025-06-06
NM:se:Kontrolle:2025-06-06,2025-06-06
NM:tr:Kontrolle:2025-06-06,2025-06-06
NM:pl:Kontrolle:2025-06-06,2025-06-06
NM:be:Kontrolle:2025-06-06,2025-06-06
NM:sg:Kontrolle:2025-06-06,2025-06-06
NA:es:Kontrolle:2025-06-06,2025-06-06
NA:fr:Kontrolle:2025-06-06,2025-06-06
NA:sg:Kontrolle:2025-06-06,2025-06-06
NA:pl:Kontrolle:2025-06-06,2025-06-06
NA:tr:Kontrolle:2025-06-06,2025-06-06
NA:ca:Kontrolle:2025-06-06,2025-06-06
NA:se:Kontrolle:2025-06-06,2025-06-06
NA:co.uk:Kontrolle:2025-06-06,2025-06-06
NA:be:Kontrolle:2025-06-06,2025-06-06
NA:au:Kontrolle:2025-06-06,2025-06-06
NA:jp:Kontrolle:2025-06-06,2025-06-06
NA:de:Kontrolle:2025-06-06,2025-06-06
NA:it:Kontrolle:2025-06-06,2025-06-06
NA:nl:Kontrolle:2025-06-06,2025-06-06
NA:com.mx:Kontrolle:2025-06-06,2025-06-06
NA:es:Kontrolle:2025-06-02,2025-06-02
NA:it:Kontrolle:2025-06-02,2025-06-02
NA:pl:Kontrolle:2025-06-02,2025-06-02
NA:com:Kontrolle:2025-06-02,2025-06-02
NA:co.uk:Kontrolle:2025-06-02,2025-06-02
NF:com:Kontrolle:2025-06-11,2025-06-11
NM:es:Kontrolle:2025-03-06,2025-03-06
NF:de:Kontrolle:2025-03-11,2025-03-11
NA:de:Kontrolle:2025-06-12,2025-06-12
NM:de:Kontrolle:2025-03-10,2025-03-10
NA:tr:Kontrolle:2025-02-11,2025-02-11
NF:es:Kontrolle:2025-06-12,2025-06-12
NM:de:Kontrolle:2025-03-06,2025-03-06
NA:com.mx:Kontrolle:2025-06-12,2025-06-12
NA:pl:Kontrolle:2025-02-28,2025-02-28
NA:pl:Kontrolle:2025-06-12,2025-06-12
NM:fr:Kontrolle:2025-03-06,2025-03-06
NM:it:Kontrolle:2025-03-11,2025-03-11
NM:nl:Kontrolle:2025-03-10,2025-03-10
NM:nl:Kontrolle:2025-03-11,2025-03-11
NM:pl:Kontrolle:2025-03-11,2025-03-11
NM:se:Kontrolle:2025-03-11,2025-03-11
NM:tr:Kontrolle:2025-03-11,2025-03-11
NM:com.mx:Kontrolle:2025-03-11,2025-03-11
NM:ca:Kontrolle:2025-03-11,2025-03-11
NF:de:Kontrolle:2025-06-12,2025-06-12
NA:be:Kontrolle:2025-06-12,2025-06-12
NA:es:Kontrolle:2025-06-12,2025-06-12
NA:sg:Kontrolle:2025-06-12,2025-06-12
NA:ca:Kontrolle:2025-06-12,2025-06-12
NA:it:Kontrolle:2025-06-12,2025-06-12
NA:tr:Kontrolle:2025-06-12,2025-06-12
NA:se:Kontrolle:2025-06-12,2025-06-12
NA:co.uk:Kontrolle:2025-06-12,2025-06-12
NA:es:Kontrolle:2025-06-13,2025-06-13
NA:nl:Kontrolle:2025-06-13,2025-06-13
NA:sg:Kontrolle:2025-06-13,2025-06-13
NA:se:Kontrolle:2025-06-13,2025-06-13
NA:tr:Kontrolle:2025-06-13,2025-06-13
NA:pl:Kontrolle:2025-06-13,2025-06-13
NF:jp:Kontrolle:2025-06-13,2025-06-13
NA:de:Kontrolle:2025-06-13,2025-06-13
NA:ca:Kontrolle:2025-06-13,2025-06-13
NA:co.uk:Kontrolle:2025-06-13,2025-06-13
NF:jp:Kontrolle:2025-03-10,2025-03-10
NA:it:Kontrolle:2025-06-13,2025-06-13
NA:com:Kontrolle:2025-06-13,2025-06-13
NF:co.uk:Kontrolle:2025-06-13,2025-06-13
NF:jp:Kontrolle:2025-03-11,2025-03-11
NH:newegg:Kontrolle:2025-06-13,2025-06-13
NA:de:Kontrolle:2025-06-16,2025-06-16
NA:jp:Kontrolle:2025-06-02,2025-06-02
NA:au:Kontrolle:2025-06-02,2025-06-02
NA:tr:Kontrolle:2025-06-03,2025-06-03
NA:it:Kontrolle:2025-06-20,2025-06-20
NA:com:Kontrolle:2025-06-20,2025-06-20
NA:sg:Kontrolle:2025-06-20,2025-06-20
NA:se:Kontrolle:2025-06-20,2025-06-20
NA:pl:Kontrolle:2025-06-20,2025-06-20
NA:be:Kontrolle:2025-06-20,2025-06-20
NA:de:Kontrolle:2025-06-20,2025-06-20
NA:co.uk:Kontrolle:2025-06-20,2025-06-20
NA:com.mx:Kontrolle:2025-06-20,2025-06-20
NA:fr:Kontrolle:2025-06-20,2025-06-20
NA:ca:Kontrolle:2025-06-20,2025-06-20
NA:es:Kontrolle:2025-06-20,2025-06-20
NA:nl:Kontrolle:2025-06-20,2025-06-20
NF:sg:Kontrolle:2025-06-20,2025-06-20
NF:it:Kontrolle:2025-06-24,2025-06-24
NF:com:Kontrolle:2025-06-24,2025-06-24
NF:es:Kontrolle:2025-06-24,2025-06-24
NF:ca:Kontrolle:2025-06-24,2025-06-24
NF:be:Kontrolle:2025-06-24,2025-06-24
NF:nl:Kontrolle:2025-06-24,2025-06-24
NF:se:Kontrolle:2025-06-24,2025-06-24
NF:de:Kontrolle:2025-06-24,2025-06-24
NF:fr:Kontrolle:2025-06-24,2025-06-24
NF:sg:Kontrolle:2025-06-24,2025-06-24
NF:com.mx:Kontrolle:2025-06-24,2025-06-24
NF:co.uk:Kontrolle:2025-06-24,2025-06-24
NF:pl:Kontrolle:2025-06-24,2025-06-24
NF:newegg:Kontrolle:2025-06-24,2025-06-24
NF:ca:Kontrolle:2025-06-25,2025-06-25
NF:com:Kontrolle:2025-06-25,2025-06-25
NF:com.mx:Kontrolle:2025-06-25,2025-06-25
NF:es:Kontrolle:2025-06-25,2025-06-25
NM:es:Kontrolle:2025-06-25,2025-06-25
NH:de:Kontrolle:2025-03-27,2025-03-27
NA:se:Kontrolle:2025-06-25,2025-06-25
NF:fr:Kontrolle:2025-06-25,2025-06-25
NF:it:Kontrolle:2025-06-25,2025-06-25
NF:se:Kontrolle:2025-06-25,2025-06-25
NF:tr:Kontrolle:2025-06-25,2025-06-25
NF:pl:Kontrolle:2025-06-25,2025-06-25
NF:de:Kontrolle:2025-06-25,2025-06-25
NF:be:Kontrolle:2025-06-25,2025-06-25
NF:au:Kontrolle:2025-03-20,2025-03-20
NV:be:Kontrolle:2025-06-25,2025-06-25
NV:ca:Kontrolle:2025-06-25,2025-06-25
NV:com:Kontrolle:2025-06-25,2025-06-25
NV:com.mx:Kontrolle:2025-06-25,2025-06-25
NV:co.uk:Kontrolle:2025-06-25,2025-06-25
NV:de:Kontrolle:2025-06-25,2025-06-25
NV:es:Kontrolle:2025-06-25,2025-06-25
NV:fr:Kontrolle:2025-06-25,2025-06-25
NV:it:Kontrolle:2025-06-25,2025-06-25
NV:jp:Kontrolle:2025-06-25,2025-06-25
NT:au:Kontrolle:2025-06-25,2025-06-25
NT:be:Kontrolle:2025-06-25,2025-06-25
NT:ca:Kontrolle:2025-06-25,2025-06-25
NT:com:Kontrolle:2025-06-25,2025-06-25
NT:com.mx:Kontrolle:2025-06-25,2025-06-25
NT:co.uk:Kontrolle:2025-06-25,2025-06-25
NT:de:Kontrolle:2025-06-25,2025-06-25
NT:de:Kontrolle:2025-06-26,2025-06-26
NT:es:Kontrolle:2025-06-26,2025-06-26
NT:fr:Kontrolle:2025-06-26,2025-06-26
NT:it:Kontrolle:2025-06-26,2025-06-26
NT:jp:Kontrolle:2025-06-26,2025-06-26
NT:com.mx:Kontrolle:2025-06-26,2025-06-26
NM:au:Kontrolle:2025-06-26,2025-06-26
NM:sg:Kontrolle:2025-06-26,2025-06-26
NM:de:Kontrolle:2025-06-26,2025-06-26
NM:es:Kontrolle:2025-06-26,2025-06-26
NM:jp:Kontrolle:2025-06-26,2025-06-26
NT:nl:Kontrolle:2025-06-26,2025-06-26
NT:pl:Kontrolle:2025-06-26,2025-06-26
NA:au:Kontrolle:2025-06-26,2025-06-26
NA:be:Kontrolle:2025-06-26,2025-06-26
NT:sg:Kontrolle:2025-06-26,2025-06-26
NT:se:Kontrolle:2025-06-26,2025-06-26
NT:tr:Kontrolle:2025-06-26,2025-06-26
NA:ca:Kontrolle:2025-06-26,2025-06-26
NA:co.uk:Kontrolle:2025-06-26,2025-06-26
NA:com:Kontrolle:2025-06-26,2025-06-26
NA:de:Kontrolle:2025-06-26,2025-06-26
NA:es:Kontrolle:2025-06-26,2025-06-26
NA:fr:Kontrolle:2025-06-26,2025-06-26
NA:it:Kontrolle:2025-06-26,2025-06-26
NA:com.mx:Kontrolle:2025-06-26,2025-06-26
NA:pl:Kontrolle:2025-06-26,2025-06-26
NA:sg:Kontrolle:2025-06-26,2025-06-26
NA:tr:Kontrolle:2025-06-26,2025-06-26
NA:jp:Kontrolle:2025-06-26,2025-06-26
NA:au:Kontrolle:2025-06-27,2025-06-27
NA:tr:Kontrolle:2025-06-27,2025-06-27
NA:pl:Kontrolle:2025-06-27,2025-06-27
NA:be:Kontrolle:2025-06-27,2025-06-27
NA:de:Kontrolle:2025-06-27,2025-06-27
NA:sg:Kontrolle:2025-06-27,2025-06-27
NA:se:Kontrolle:2025-06-27,2025-06-27
NA:es:Kontrolle:2025-06-27,2025-06-27
NA:it:Kontrolle:2025-06-27,2025-06-27
NA:nl:Kontrolle:2025-06-27,2025-06-27
NA:ca:Kontrolle:2025-06-27,2025-06-27
NA:com:Kontrolle:2025-06-27,2025-06-27
NH:au:Kontrolle:2025-06-27,2025-06-27
NA:co.uk:Kontrolle:2025-06-30,2025-06-30
NA:com:Kontrolle:2025-06-30,2025-06-30
NH:fr:Kontrolle:2025-06-30,2025-06-30
NV:it:Kontrolle:2025-06-30,2025-06-30
NV:ca:Kontrolle:2025-06-30,2025-06-30
NM:be:Kontrolle:2025-06-30,2025-06-30
NM:fr:Kontrolle:2025-06-30,2025-06-30
NM:it:Kontrolle:2025-06-30,2025-06-30
NM:de:Kontrolle:2025-06-30,2025-06-30
NM:com:Kontrolle:2025-06-30,2025-06-30
NM:co.uk:Kontrolle:2025-06-30,2025-06-30
NM:be:Kontrolle:2025-03-11,2025-03-11
NM:com:Kontrolle:2025-03-11,2025-03-11
NM:co.uk:Kontrolle:2025-03-11,2025-03-11
NM:com.mx:Kontrolle:2025-06-30,2025-06-30
NM:sg:Kontrolle:2025-06-30,2025-06-30
NM:tr:Kontrolle:2025-06-30,2025-06-30
NM:co.uk:Kontrolle:2025-03-06,2025-03-06
NM:se:Kontrolle:2025-06-30,2025-06-30
NM:pl:Kontrolle:2025-06-30,2025-06-30
NM:com:Kontrolle:2025-03-06,2025-03-06
NH:au:Kontrolle:2025-07-01,2025-07-01
NF:newegg:Kontrolle:2025-07-01,2025-07-01
NF:au:Kontrolle:2025-07-01,2025-07-01
NF:be:Kontrolle:2025-07-01,2025-07-01
NF:co.uk:Kontrolle:2025-07-01,2025-07-01
NF:es:Kontrolle:2025-07-01,2025-07-01
NF:it:Kontrolle:2025-07-01,2025-07-01
NF:jp:Kontrolle:2025-07-01,2025-07-01
NF:nl:Kontrolle:2025-07-01,2025-07-01
NF:sg:Kontrolle:2025-07-01,2025-07-01
NF:tr:Kontrolle:2025-07-01,2025-07-01
NF:pl:Kontrolle:2025-07-01,2025-07-01
NH:newegg:Kontrolle:2025-07-01,2025-07-01
NF:fr:Kontrolle:2025-07-01,2025-07-01
NF:ca:Kontrolle:2025-07-01,2025-07-01
NF:com:Kontrolle:2025-07-01,2025-07-01
NF:com.mx:Kontrolle:2025-07-01,2025-07-01
NH:be:Kontrolle:2025-07-01,2025-07-01
NF:de:Kontrolle:2025-07-01,2025-07-01
NH:ca:Kontrolle:2025-07-01,2025-07-01
NF:se:Kontrolle:2025-07-01,2025-07-01
NM:au:Kontrolle:2025-07-01,2025-07-01
NH:co.uk:Kontrolle:2025-07-01,2025-07-01
NM:be:Kontrolle:2025-07-01,2025-07-01
NM:ca:Kontrolle:2025-07-01,2025-07-01
NM:co.uk:Kontrolle:2025-07-01,2025-07-01
NM:com:Kontrolle:2025-07-01,2025-07-01
NH:com:Kontrolle:2025-07-01,2025-07-01
NH:de:Kontrolle:2025-07-01,2025-07-01
NH:es:Kontrolle:2025-07-02,2025-07-02
NH:fr:Kontrolle:2025-07-02,2025-07-02
NH:it:Kontrolle:2025-07-02,2025-07-02
NH:jp:Kontrolle:2025-07-02,2025-07-02
NH:sg:Kontrolle:2025-07-02,2025-07-02
NH:se:Kontrolle:2025-07-02,2025-07-02
NH:tr:Kontrolle:2025-07-02,2025-07-02
NH:pl:Kontrolle:2025-07-02,2025-07-02
NH:com.mx:Kontrolle:2025-07-02,2025-07-02
NH:nl:Kontrolle:2025-07-02,2025-07-02
NH:de:Kontrolle:2025-07-02,2025-07-02
NF:co.uk:Kontrolle:2025-07-02,2025-07-02
NF:se:Kontrolle:2025-07-02,2025-07-02
NF:pl:Kontrolle:2025-07-02,2025-07-02
NF:be:Kontrolle:2025-07-02,2025-07-02
NF:ca:Kontrolle:2025-07-02,2025-07-02
NF:com:Kontrolle:2025-07-02,2025-07-02
NF:fr:Kontrolle:2025-07-02,2025-07-02
NA:ca:Kontrolle:2025-07-02,2025-07-02
NF:au:Kontrolle:2025-07-02,2025-07-02
NF:com.mx:Kontrolle:2025-07-02,2025-07-02
NA:sg:Kontrolle:2025-07-02,2025-07-02
NF:de:Kontrolle:2025-07-02,2025-07-02
NF:sg:Kontrolle:2025-07-02,2025-07-02
NF:es:Kontrolle:2025-07-02,2025-07-02
NF:nl:Kontrolle:2025-07-02,2025-07-02
NM:de:Kontrolle:2025-07-02,2025-07-02
NF:it:Kontrolle:2025-07-02,2025-07-02
NF:tr:Kontrolle:2025-07-02,2025-07-02
NF:jp:Kontrolle:2025-07-02,2025-07-02
NM:es:Kontrolle:2025-07-02,2025-07-02
NM:fr:Kontrolle:2025-07-02,2025-07-02
NM:it:Kontrolle:2025-07-02,2025-07-02
NF:au:Kontrolle:2025-07-03,2025-07-03
NF:be:Kontrolle:2025-07-03,2025-07-03
NF:ca:Kontrolle:2025-07-03,2025-07-03
NF:co.uk:Kontrolle:2025-07-03,2025-07-03
NH:de:Kontrolle:2025-07-03,2025-07-03
NF:com:Kontrolle:2025-07-03,2025-07-03
NF:de:Kontrolle:2025-07-03,2025-07-03
NF:es:Kontrolle:2025-07-03,2025-07-03
NF:fr:Kontrolle:2025-07-03,2025-07-03
NH:es:Kontrolle:2025-07-03,2025-07-03
NF:it:Kontrolle:2025-07-03,2025-07-03
NF:jp:Kontrolle:2025-07-03,2025-07-03
NF:com.mx:Kontrolle:2025-07-03,2025-07-03
NF:pl:Kontrolle:2025-07-03,2025-07-03
NH:fr:Kontrolle:2025-07-03,2025-07-03
NF:sg:Kontrolle:2025-07-03,2025-07-03
NF:se:Kontrolle:2025-07-03,2025-07-03
NF:tr:Kontrolle:2025-07-03,2025-07-03
NH:it:Kontrolle:2025-07-03,2025-07-03
NH:jp:Kontrolle:2025-07-03,2025-07-03
NH:com.mx:Kontrolle:2025-07-03,2025-07-03
NH:nl:Kontrolle:2025-07-03,2025-07-03
NM:com.mx:Kontrolle:2025-07-04,2025-07-04
NM:nl:Kontrolle:2025-07-04,2025-07-04
NM:sg:Kontrolle:2025-07-04,2025-07-04
NM:se:Kontrolle:2025-07-04,2025-07-04
NM:tr:Kontrolle:2025-07-04,2025-07-04
NM:pl:Kontrolle:2025-07-04,2025-07-04
NM:jp:Kontrolle:2025-07-04,2025-07-04
NM:de:Kontrolle:2025-07-04,2025-07-04
NM:es:Kontrolle:2025-07-04,2025-07-04
NH:jp:Kontrolle:2025-07-04,2025-07-04
NH:pl:Kontrolle:2025-07-04,2025-07-04
NM:be:Kontrolle:2025-07-04,2025-07-04
NM:ca:Kontrolle:2025-07-04,2025-07-04
NM:com:Kontrolle:2025-07-04,2025-07-04
NH:sg:Kontrolle:2025-07-04,2025-07-04
NH:se:Kontrolle:2025-07-04,2025-07-04
NH:tr:Kontrolle:2025-07-04,2025-07-04
NM:co.uk:Kontrolle:2025-07-04,2025-07-04
NM:fr:Kontrolle:2025-07-04,2025-07-04
NM:it:Kontrolle:2025-07-04,2025-07-04
NT:fr:Kontrolle:2025-07-04,2025-07-04
NF:es:Kontrolle:2025-07-07,2025-07-07
NF:fr:Kontrolle:2025-07-07,2025-07-07
NA:pl:Kontrolle:2025-07-07,2025-07-07
NA:it:Kontrolle:2025-07-07,2025-07-07
NA:es:Kontrolle:2025-07-07,2025-07-07
NA:se:Kontrolle:2025-07-07,2025-07-07
NA:de:Kontrolle:2025-07-07,2025-07-07
NA:nl:Kontrolle:2025-07-07,2025-07-07
NA:sg:Kontrolle:2025-07-07,2025-07-07
NA:au:Kontrolle:2025-07-07,2025-07-07
NA:be:Kontrolle:2025-07-07,2025-07-07
NV:be:Kontrolle:2025-07-07,2025-07-07
NV:ca:Kontrolle:2025-07-07,2025-07-07
NV:com:Kontrolle:2025-07-07,2025-07-07
NV:com.mx:Kontrolle:2025-07-07,2025-07-07
NV:co.uk:Kontrolle:2025-07-07,2025-07-07
NV:de:Kontrolle:2025-07-07,2025-07-07
NV:es:Kontrolle:2025-07-07,2025-07-07
NV:fr:Kontrolle:2025-07-07,2025-07-07
NV:jp:Kontrolle:2025-07-07,2025-07-07
NV:it:Kontrolle:2025-07-07,2025-07-07
NV:au:Kontrolle:2025-07-07,2025-07-07
NV:sg:Kontrolle:2025-07-07,2025-07-07
NV:tr:Kontrolle:2025-07-07,2025-07-07
NV:nl:Kontrolle:2025-07-07,2025-07-07
NV:se:Kontrolle:2025-07-07,2025-07-07
NV:pl:Kontrolle:2025-07-07,2025-07-07
NF:it:Kontrolle:2025-07-07,2025-07-07
NF:it:Kontrolle:2025-07-08,2025-07-08
NF:jp:Kontrolle:2025-07-08,2025-07-08
NF:com.mx:Kontrolle:2025-07-08,2025-07-08
NF:nl:Kontrolle:2025-07-08,2025-07-08
NA:be:Kontrolle:2025-07-09,2025-07-09
NA:com:Kontrolle:2025-07-09,2025-07-09
NA:com.mx:Kontrolle:2025-07-09,2025-07-09
NA:co.uk:Kontrolle:2025-07-09,2025-07-09
NA:de:Kontrolle:2025-07-09,2025-07-09
NA:fr:Kontrolle:2025-07-09,2025-07-09
NA:jp:Kontrolle:2025-07-09,2025-07-09
NA:it:Kontrolle:2025-07-09,2025-07-09
NA:es:Kontrolle:2025-07-09,2025-07-09
NA:se:Kontrolle:2025-07-09,2025-07-09
NA:au:Kontrolle:2025-07-09,2025-07-09
NA:pl:Kontrolle:2025-07-09,2025-07-09
NA:sg:Kontrolle:2025-07-09,2025-07-09
NA:ca:Kontrolle:2025-07-09,2025-07-09
NA:nl:Kontrolle:2025-07-09,2025-07-09
NF:sg:Kontrolle:2025-07-09,2025-07-09
NF:nl:Kontrolle:2025-07-10,2025-07-10
NA:it:Kontrolle:2025-07-10,2025-07-10
NA:nl:Kontrolle:2025-07-10,2025-07-10
NA:se:Kontrolle:2025-07-10,2025-07-10
NA:pl:Kontrolle:2025-07-10,2025-07-10
NA:es:Kontrolle:2025-07-10,2025-07-10
NA:com.mx:Kontrolle:2025-07-10,2025-07-10
NA:ca:Kontrolle:2025-07-10,2025-07-10
NA:com:Kontrolle:2025-07-10,2025-07-10
NA:sg:Kontrolle:2025-07-10,2025-07-10
NA:de:Kontrolle:2025-07-10,2025-07-10
NA:fr:Kontrolle:2025-07-10,2025-07-10
NA:be:Kontrolle:2025-07-10,2025-07-10
NA:co.uk:Kontrolle:2025-07-10,2025-07-10
NA:tr:Kontrolle:2025-07-10,2025-07-10
NA:au:Kontrolle:2025-07-10,2025-07-10
NA:jp:Kontrolle:2025-07-10,2025-07-10
NF:pl:Kontrolle:2025-07-10,2025-07-10
NF:sg:Kontrolle:2025-07-10,2025-07-10
NV:be:Kontrolle:2025-07-10,2025-07-10
NV:ca:Kontrolle:2025-07-10,2025-07-10
NF:sg:Kontrolle:2025-03-25,2025-03-25
NP:be:Kontrolle:2025-07-10,2025-07-10
NP:ca:Kontrolle:2025-07-10,2025-07-10
NV:com:Kontrolle:2025-07-10,2025-07-10
NV:com.mx:Kontrolle:2025-07-10,2025-07-10
NV:co.uk:Kontrolle:2025-07-10,2025-07-10
NV:de:Kontrolle:2025-07-10,2025-07-10
NV:es:Kontrolle:2025-07-10,2025-07-10
NV:fr:Kontrolle:2025-07-10,2025-07-10
NV:it:Kontrolle:2025-07-10,2025-07-10
NP:co.uk:Kontrolle:2025-07-10,2025-07-10
NP:com:Kontrolle:2025-07-10,2025-07-10
NP:de:Kontrolle:2025-07-10,2025-07-10
NP:fr:Kontrolle:2025-07-10,2025-07-10
NP:es:Kontrolle:2025-07-10,2025-07-10
NP:it:Kontrolle:2025-07-10,2025-07-10
NF:se:Kontrolle:2025-07-10,2025-07-10
NP:nl:Kontrolle:2025-07-10,2025-07-10
NP:se:Kontrolle:2025-07-10,2025-07-10
NP:pl:Kontrolle:2025-07-10,2025-07-10
NF:tr:Kontrolle:2025-07-10,2025-07-10
NP:de:Kontrolle:2025-07-11,2025-07-11
NP:fr:Kontrolle:2025-07-11,2025-07-11
NP:es:Kontrolle:2025-07-11,2025-07-11
NP:it:Kontrolle:2025-07-11,2025-07-11
NP:nl:Kontrolle:2025-07-11,2025-07-11
NP:pl:Kontrolle:2025-07-11,2025-07-11
NP:se:Kontrolle:2025-07-11,2025-07-11
NP:be:Kontrolle:2025-07-11,2025-07-11
NP:br:Kontrolle:2025-07-11,2025-07-11
NP:ca:Kontrolle:2025-07-11,2025-07-11
NP:co.uk:Kontrolle:2025-07-11,2025-07-11
NP:com:Kontrolle:2025-07-11,2025-07-11
NA:sg:Kontrolle:2025-07-11,2025-07-11
NA:tr:Kontrolle:2025-07-11,2025-07-11
NA:pl:Kontrolle:2025-07-11,2025-07-11
NA:fr:Kontrolle:2025-07-11,2025-07-11
NA:it:Kontrolle:2025-07-11,2025-07-11
NA:com.mx:Kontrolle:2025-07-11,2025-07-11
NA:nl:Kontrolle:2025-07-11,2025-07-11
NA:es:Kontrolle:2025-07-11,2025-07-11
NA:au:Kontrolle:2025-07-11,2025-07-11
NA:de:Kontrolle:2025-07-11,2025-07-11
NF:be:Kontrolle:2025-07-04,2025-07-04
NF:be:Kontrolle:2025-07-07,2025-07-07
NF:ca:Kontrolle:2025-07-04,2025-07-04
NF:ca:Kontrolle:2025-07-07,2025-07-07
NF:com.mx:Kontrolle:2025-07-14,2025-07-14
NF:ca:Kontrolle:2025-07-14,2025-07-14
NA:ca:Kontrolle:2025-07-07,2025-07-07
NA:com:Kontrolle:2025-07-07,2025-07-07
NF:co.uk:Kontrolle:2025-07-04,2025-07-04
NF:co.uk:Kontrolle:2025-07-07,2025-07-07
NA:com.mx:Kontrolle:2025-07-07,2025-07-07
NA:co.uk:Kontrolle:2025-07-07,2025-07-07
NH:be:Kontrolle:2025-07-14,2025-07-14
NH:ca:Kontrolle:2025-07-14,2025-07-14
NH:com:Kontrolle:2025-07-14,2025-07-14
NH:co.uk:Kontrolle:2025-07-14,2025-07-14
NH:co.uk:Kontrolle:2025-07-15,2025-07-15
NH:ca:Kontrolle:2025-07-15,2025-07-15
NH:es:Kontrolle:2025-07-15,2025-07-15
NH:it:Kontrolle:2025-07-15,2025-07-15
NH:pl:Kontrolle:2025-07-15,2025-07-15
NF:fr:Kontrolle:2025-07-04,2025-07-04
NH:be:Kontrolle:2025-07-15,2025-07-15
NH:com.mx:Kontrolle:2025-07-15,2025-07-15
NT:nl:Kontrolle:2025-07-15,2025-07-15
NT:sg:Kontrolle:2025-07-15,2025-07-15
NH:jp:Kontrolle:2025-07-16,2025-07-16
NH:sg:Kontrolle:2025-07-16,2025-07-16
NH:tr:Kontrolle:2025-07-16,2025-07-16
NF:it:Kontrolle:2025-07-04,2025-07-04
NF:nl:Kontrolle:2025-07-04,2025-07-04
NM:com:Kontrolle:2025-07-16,2025-07-16
NM:com.mx:Kontrolle:2025-07-16,2025-07-16
NM:co.uk:Kontrolle:2025-07-16,2025-07-16
NM:de:Kontrolle:2025-07-16,2025-07-16
NM:nl:Kontrolle:2025-07-16,2025-07-16
NM:tr:Kontrolle:2025-07-16,2025-07-16
NM:pl:Kontrolle:2025-07-16,2025-07-16
NM:au:Kontrolle:2025-07-16,2025-07-16
NM:sg:Kontrolle:2025-07-16,2025-07-16
NM:se:Kontrolle:2025-07-16,2025-07-16
NF:de:Kontrolle:2025-07-07,2025-07-07
NF:de:Kontrolle:2025-07-17,2025-07-17
NH:be:Kontrolle:2025-07-18,2025-07-18
NH:au:Kontrolle:2025-07-18,2025-07-18
NH:au:Kontrolle:2025-07-16,2025-07-16
NH:jp:Kontrolle:2025-07-18,2025-07-18
NV:jp:Kontrolle:2025-07-18,2025-07-18
NV:sg:Kontrolle:2025-07-18,2025-07-18
NV:ca:Kontrolle:2025-07-18,2025-07-18
NV:co.uk:Kontrolle:2025-07-18,2025-07-18
NV:de:Kontrolle:2025-07-18,2025-07-18
NV:it:Kontrolle:2025-07-18,2025-07-18
NM:au:Kontrolle:2025-07-18,2025-07-18
NM:it:Kontrolle:2025-07-18,2025-07-18
NM:sg:Kontrolle:2025-07-18,2025-07-18
NM:be:Kontrolle:2025-07-18,2025-07-18
NM:ca:Kontrolle:2025-07-18,2025-07-18
NM:com:Kontrolle:2025-07-18,2025-07-18
NM:com.mx:Kontrolle:2025-07-18,2025-07-18
NM:co.uk:Kontrolle:2025-07-18,2025-07-18
NM:es:Kontrolle:2025-07-18,2025-07-18
NM:fr:Kontrolle:2025-07-18,2025-07-18
NM:nl:Kontrolle:2025-07-18,2025-07-18
NM:se:Kontrolle:2025-07-18,2025-07-18
NM:tr:Kontrolle:2025-07-18,2025-07-18
NM:pl:Kontrolle:2025-07-18,2025-07-18
NM:de:Kontrolle:2025-07-18,2025-07-18
NF:au:Kontrolle:2025-07-18,2025-07-18
NF:be:Kontrolle:2025-07-18,2025-07-18
NF:de:Kontrolle:2025-07-18,2025-07-18
NF:fr:Kontrolle:2025-07-18,2025-07-18
NF:co.uk:Kontrolle:2025-07-18,2025-07-18
NF:jp:Kontrolle:2025-07-18,2025-07-18
NF:com:Kontrolle:2025-07-18,2025-07-18
NF:com.mx:Kontrolle:2025-07-18,2025-07-18
NH:fr:Kontrolle:2025-07-21,2025-07-21
NF:nl:Kontrolle:2025-07-22,2025-07-22
NF:com.mx:Kontrolle:2025-07-22,2025-07-22
NF:it:Kontrolle:2025-07-22,2025-07-22
NF:au:Kontrolle:2025-07-22,2025-07-22
NF:co.uk:Kontrolle:2025-07-22,2025-07-22
NF:de:Kontrolle:2025-07-22,2025-07-22
NF:fr:Kontrolle:2025-07-22,2025-07-22
NF:be:Kontrolle:2025-07-22,2025-07-22
NF:com:Kontrolle:2025-07-22,2025-07-22
NF:sg:Kontrolle:2025-07-22,2025-07-22
NF:ca:Kontrolle:2025-07-22,2025-07-22
NV:co.uk:Kontrolle:2025-07-23,2025-07-23
NV:de:Kontrolle:2025-07-23,2025-07-23
NV:es:Kontrolle:2025-07-23,2025-07-23
NV:fr:Kontrolle:2025-07-23,2025-07-23
NV:it:Kontrolle:2025-07-23,2025-07-23
NV:nl:Kontrolle:2025-07-23,2025-07-23
NV:se:Kontrolle:2025-07-23,2025-07-23
NV:pl:Kontrolle:2025-07-23,2025-07-23
